EstimatedPropertyValue,Status,PropertyState
80000,2,MI
80000,2,MI
120000,1,IN
750000,2,CA
180000,2,MN
375000,2,MI
375000,2,MI
375000,2,MI
375000,2,MI
375000,2,MI
375000,2,FL
375000,2,FL
375000,2,FL
325000,1,WI
250000,1,VA
350000,1,MD
1000000,2,MA
1000000,2,MA
1000000,2,MA
1000000,2,MA
1000000,2,MA
200000,2,MI
200000,2,MI
200000,2,MI
200000,2,MI
200000,2,MI
170000,1,FL
225000,2,NC
225000,2,NC
225000,2,NC
225000,2,NC
225000,2,NC
225000,2,NC
225000,2,NC
225000,2,NC
225000,2,NC
225000,2,NC
225000,2,NC
225000,2,NC
200000,2,IN
200000,2,IN
200000,2,IN
200000,2,IN
200000,2,IN
200000,2,IN
200000,2,IN
200000,2,IN
200000,2,IN
200000,2,IN
200000,2,IN
200000,2,IN
200000,2,IN
200000,2,IN
200000,2,IN
200000,2,IN
200000,2,IN
200000,2,IN
200000,2,IN
200000,2,IN
200000,2,IN
200000,2,IN
200000,2,IN
200000,2,IN
160000,1,NC
600000,1,VA
550000,1,NJ
550000,2,NJ
550000,1,NJ
550000,1,NJ
550000,1,NJ
550000,2,NJ
550000,2,NJ
550000,1,NJ
275000,2,MI
275000,2,MI
275000,2,MI
90000,1,TX
180000,2,TX
180000,2,TX
180000,2,TX
180000,2,TX
180000,2,TX
180000,2,TX
180000,2,TX
180000,2,TX
400000,1,NJ
170000,1,ID
250000,2,SC
250000,2,SC
250000,2,SC
250000,2,SC
250000,2,SC
190000,2,PA
190000,2,PA
190000,2,PA
190000,2,PA
190000,2,PA
190000,2,PA
190000,2,PA
190000,2,PA
190000,2,PA
190000,2,PA
190000,2,PA
190000,2,PA
190000,2,PA
190000,2,PA
190000,2,PA
190000,2,PA
190000,2,PA
190000,2,PA
200000,2,PA
200000,2,PA
200000,2,PA
200000,2,PA
325000,1,NV
325000,2,NV
325000,2,NV
325000,2,NV
325000,2,NV
325000,2,NV
325000,2,NV
325000,2,NV
325000,2,NV
325000,2,NV
325000,2,NV
325000,1,NV
325000,2,NV
325000,2,NV
325000,2,NV
325000,2,NV
325000,2,NV
325000,2,NV
325000,2,NV
325000,2,NV
325000,2,NV
325000,2,NV
325000,2,NV
325000,2,NV
325000,2,NV
325000,2,NV
325000,2,NV
325000,2,NV
150000,1,IA
150000,2,IA
350000,2,MI
750000,2,MD
750000,2,MD
600000,2,VA
600000,2,VA
600000,2,VA
600000,2,VA
600000,2,VA
250000,1,TX
180000,2,NC
180000,2,NC
300000,2,NY
300000,2,NY
250000,1,PA
250000,1,PA
250000,1,PA
160000,2,OH
300000,2,NJ
300000,2,NJ
300000,2,NJ
300000,2,NJ
300000,2,NJ
275000,1,FL
300000,2,NV
300000,2,NV
300000,2,NV
300000,2,NV
300000,2,NV
125000,1,AR
125000,2,AR
125000,1,AR
125000,1,AR
750000,2,NJ
600000,1,MD
2000000,1,CO
2000000,2,CO
2000000,2,CO
2000000,2,CO
2000000,2,CO
425000,1,MN
200000,2,IL
200000,2,IL
200000,2,IL
200000,2,IL
300000,1,AZ
300000,2,AZ
300000,2,AZ
300000,2,AZ
300000,2,AZ
300000,2,AZ
300000,1,AZ
300000,2,AZ
300000,2,AZ
300000,2,AZ
300000,2,AZ
300000,2,AZ
300000,2,GA
300000,2,GA
600000,1,CO
350000,2,PA
350000,2,PA
350000,2,PA
350000,2,PA
275000,1,PA
190000,2,MA
190000,2,MA
190000,2,MA
190000,2,MA
190000,2,MA
200000,2,IN
200000,2,IN
200000,2,IN
200000,2,IN
200000,2,IN
600000,1,CO
350000,2,NY
350000,2,NY
350000,2,NY
350000,2,NY
350000,2,NY
200000,1,WI
190000,1,TX
100000,1,PA
100000,1,PA
550000,1,CA
300000,2,MD
300000,2,MD
300000,2,MD
300000,2,MD
300000,2,MD
300000,2,MD
300000,2,MD
300000,2,MD
300000,2,MD
300000,2,MD
300000,2,MD
300000,2,MD
300000,2,MD
300000,2,MD
300000,2,MD
300000,2,MD
300000,2,MD
500000,1,DE
500000,2,DE
500000,2,DE
500000,2,DE
500000,2,DE
200000,1,FL
250000,2,CA
250000,2,CA
250000,2,CA
250000,2,CA
250000,2,CA
125000,2,NH
400000,2,CO
400000,2,CO
70000,2,TX
70000,2,TX
70000,2,TX
70000,2,TX
70000,2,TX
170000,1,AZ
350000,2,CT
350000,2,CT
225000,2,FL
225000,2,FL
264000,1,NC
264000,1,NC
264000,2,NC
170000,1,OH
500000,2,CA
500000,2,CA
500000,2,CA
375000,1,VA
650000,2,TX
650000,2,TX
650000,2,TX
650000,2,TX
100000,1,NC
170000,1,MS
550000,1,MA
170000,1,GA
170000,1,GA
85000,2,NC
1500000,2,CA
1500000,2,CA
1500000,2,CA
1500000,2,CA
350000,1,CA
200000,2,MT
200000,2,MT
200000,2,MT
200000,2,MT
200000,2,MT
85000,2,AL
85000,2,AL
85000,2,AL
85000,2,AL
85000,2,AL
550000,1,CA
650000,2,NY
650000,2,NY
200000,2,FL
200000,2,FL
200000,2,FL
200000,2,FL
200000,2,FL
170000,2,TN
170000,2,TN
170000,2,TN
150000,1,TX
225000,2,AZ
225000,2,AZ
225000,2,AZ
225000,2,AZ
225000,2,AZ
190000,2,MI
250000,1,NC
200000,2,CA
200000,2,CA
200000,2,CA
200000,2,CA
200000,2,CA
170000,2,TX
170000,2,TX
170000,2,TX
170000,2,TX
170000,2,TX
190000,2,TX
190000,2,TX
190000,2,TX
225000,2,CO
225000,2,CO
225000,2,CO
225000,2,CO
225000,2,CO
225000,2,CO
225000,2,CO
340000,1,NJ
600000,1,UT
2000000,2,CA
105000,2,KY
105000,2,KY
105000,2,KY
105000,2,KY
200000,2,WI
550000,2,FL
550000,2,FL
135000,2,MO
135000,2,MO
135000,2,MO
135000,2,MO
135000,2,MO
300000,2,VA
160000,1,CA
500000,1,TX
550000,1,WA
300000,1,HI
2000000,1,NY
2000000,1,NY
450000,2,TX
190000,2,FL
160000,2,AR
160000,2,AR
160000,2,AR
160000,2,AR
115000,1,MO
300000,2,TX
300000,2,TX
275000,2,WA
275000,2,WA
275000,2,WA
275000,2,WA
275000,2,WA
120000,2,NC
120000,2,NC
120000,2,NC
120000,2,NC
120000,2,NC
120000,2,NC
120000,2,NC
120000,2,NC
120000,2,NC
120000,2,NC
120000,2,NC
120000,2,NC
120000,2,NC
120000,2,NC
120000,2,NC
120000,2,NC
475000,2,CT
475000,2,CT
475000,2,CT
475000,2,CT
475000,2,CT
475000,2,CT
475000,2,CT
475000,2,CT
475000,2,CT
475000,2,CT
475000,2,CT
475000,2,CT
475000,2,CT
475000,2,CT
475000,2,CT
475000,2,CT
475000,2,CT
225000,2,FL
225000,2,FL
225000,2,FL
225000,2,FL
225000,2,FL
225000,2,FL
225000,2,FL
225000,2,FL
225000,2,FL
225000,2,FL
225000,2,FL
225000,2,FL
225000,2,FL
225000,2,FL
225000,2,FL
225000,2,FL
225000,2,FL
225000,2,FL
300000,2,NM
300000,2,NM
300000,2,NM
300000,2,NM
300000,2,NM
325000,1,CA
375000,2,FL
375000,2,FL
375000,2,FL
375000,2,FL
375000,2,FL
375000,2,FL
375000,2,FL
375000,2,FL
375000,2,FL
375000,2,FL
375000,2,FL
375000,2,FL
375000,2,FL
375000,2,FL
375000,2,FL
200000,2,WA
400000,1,MI
500000,1,NC
700000,1,VA
400000,2,NJ
500000,2,WA
500000,2,WA
500000,2,WA
500000,2,WA
375000,2,MN
375000,2,MN
375000,2,MN
375000,2,MN
2000000,1,CA
2000000,1,CA
2000000,1,CA
2000000,1,CA
225000,2,CA
225000,2,CA
225000,2,CA
225000,2,CA
225000,2,CA
95000,1,FL
650000,2,OR
650000,2,OR
650000,2,OR
650000,2,OR
650000,2,OR
325000,2,AZ
325000,1,AZ
325000,2,AZ
325000,2,AZ
325000,2,AZ
275000,1,TX
275000,1,TX
300000,1,FL
65000,2,NY
115000,2,CA
225000,1,TX
600000,1,DC
600000,1,DC
600000,1,DC
350000,2,CA
350000,2,CA
200000,2,IL
200000,2,IL
200000,2,IL
200000,2,IL
200000,2,IL
850000,2,UT
850000,2,UT
850000,2,UT
850000,2,UT
850000,2,UT
85000,1,SC
950000,1,WA
950000,1,WA
950000,1,WA
950000,1,WA
950000,1,WA
500000,1,CO
500000,1,CO
600000,2,TX
600000,2,TX
600000,2,TX
600000,2,TX
600000,2,TX
600000,2,TX
600000,2,TX
600000,2,TX
600000,2,TX
600000,1,TX
600000,2,TX
325000,1,MI
200000,2,ID
200000,2,ID
200000,2,ID
200000,2,ID
200000,2,ID
200000,2,ID
200000,2,ID
200000,2,ID
200000,2,ID
200000,2,ID
200000,2,ID
200000,2,ID
190000,2,GA
190000,2,GA
225000,2,CO
225000,2,CO
225000,2,CO
225000,2,CO
1500000,2,MA
1500000,2,MA
1500000,2,MA
1500000,2,MA
1500000,2,MA
160000,2,NH
160000,2,NH
200000,2,AR
200000,2,AR
200000,2,AR
200000,2,AR
200000,2,AR
125000,2,IL
125000,2,IL
125000,2,IL
125000,0,IL
125000,2,IL
125000,2,IL
125000,2,IL
125000,2,IL
125000,2,IL
125000,2,IL
200000,2,PA
425000,1,NY
180000,2,AZ
225000,2,AZ
225000,1,AZ
350000,2,CA
350000,2,CA
350000,2,CA
350000,2,CA
350000,2,CA
180000,2,IA
180000,2,IA
180000,1,IA
180000,2,IA
170000,1,CT
160000,2,MO
160000,2,MO
160000,2,MO
160000,2,MO
170000,2,NM
170000,2,NM
170000,1,NM
170000,2,NM
170000,2,NM
200000,1,NJ
225000,1,CA
225000,2,TX
225000,2,TX
225000,2,TX
225000,2,TX
120000,2,OH
120000,2,OH
135000,2,IA
135000,2,IA
135000,2,IA
135000,2,IA
135000,1,IA
275000,1,FL
275000,1,FL
250000,2,NC
250000,2,NC
550000,2,TX
550000,2,TX
550000,2,TX
550000,2,TX
550000,2,TX
250000,1,CO
150000,2,TX
150000,2,TX
150000,2,TX
150000,2,TX
150000,2,TX
600000,2,CA
600000,2,CA
600000,2,CA
600000,2,CA
600000,2,CA
600000,2,CA
600000,2,CA
600000,2,CA
600000,2,CA
600000,2,CA
600000,2,CA
600000,2,CA
600000,2,CA
600000,2,CA
600000,2,CA
600000,2,CA
600000,2,CA
600000,2,CA
600000,2,CA
600000,2,CA
600000,2,CA
600000,2,CA
600000,2,CA
600000,2,CA
600000,2,CA
600000,2,CA
600000,2,CA
600000,2,CA
600000,2,CA
600000,2,CA
600000,2,CA
600000,2,CA
600000,2,CA
600000,2,CA
600000,2,CA
600000,2,CA
200000,1,MA
200000,2,MA
200000,1,MA
200000,1,MA
200000,1,MA
200000,2,MA
200000,2,MA
200000,1,MA
115000,2,NC
115000,2,NC
115000,2,NC
115000,2,NC
115000,2,NC
135000,2,PA
135000,2,PA
250000,1,TX
200000,1,TX
200000,2,TX
200000,2,TX
200000,2,TX
200000,2,TX
200000,2,TX
200000,2,TX
200000,2,TX
200000,2,TX
200000,2,TX
200000,2,TX
200000,2,TX
200000,2,TX
200000,2,TX
200000,2,TX
200000,2,TX
200000,2,TX
200000,2,TX
200000,1,TX
200000,2,TX
200000,2,TX
200000,2,TX
200000,2,TX
200000,2,TX
200000,2,TX
200000,2,TX
500000,2,ID
500000,2,ID
500000,2,ID
500000,2,ID
500000,2,ID
850000,2,DC
850000,2,DC
850000,2,DC
850000,2,DC
850000,2,DC
850000,2,DC
850000,2,DC
850000,2,DC
850000,2,DC
850000,2,DC
850000,2,DC
850000,2,DC
850000,2,DC
850000,2,DC
850000,2,DC
850000,2,DC
850000,2,DC
850000,2,DC
850000,2,DC
850000,2,DC
850000,2,DC
850000,2,DC
850000,2,DC
850000,2,DC
850000,2,DC
850000,1,DC
850000,2,DC
850000,2,DC
850000,2,DC
850000,2,DC
850000,2,DC
850000,1,DC
850000,2,DC
850000,2,DC
850000,2,DC
850000,2,DC
850000,2,DC
850000,2,DC
850000,2,DC
850000,2,DC
850000,2,DC
850000,2,DC
850000,2,DC
850000,2,DC
850000,2,DC
850000,2,DC
850000,2,DC
850000,2,DC
850000,2,DC
180000,2,TX
180000,2,TX
180000,2,TX
180000,2,TX
180000,2,TX
400000,1,SC
325000,2,PA
325000,2,PA
325000,2,PA
325000,2,PA
325000,2,PA
325000,2,PA
325000,2,PA
325000,2,PA
325000,2,PA
325000,2,PA
325000,2,PA
325000,2,PA
325000,2,PA
325000,2,PA
325000,2,PA
325000,2,PA
325000,2,PA
325000,2,PA
325000,2,PA
325000,2,PA
325000,2,PA
325000,2,PA
325000,2,PA
325000,2,PA
325000,2,PA
325000,2,PA
325000,2,PA
325000,2,PA
325000,2,PA
325000,2,PA
325000,2,PA
325000,2,PA
325000,2,PA
325000,2,PA
325000,2,PA
325000,2,PA
325000,2,PA
325000,2,PA
325000,2,PA
325000,2,PA
325000,2,PA
325000,2,PA
325000,2,PA
325000,2,PA
325000,2,PA
325000,2,PA
325000,2,PA
325000,2,PA
325000,2,PA
325000,2,PA
325000,2,PA
325000,2,PA
325000,2,PA
275000,1,IL
425000,0,TX
110000,0,NC
1500000,2,CA
375000,0,CA
425000,0,FL
105000,1,TX
110000,2,IN
1500000,2,PA
1500000,2,PA
1500000,2,PA
1500000,2,PA
1500000,0,PA
400000,0,VA
400000,2,VA
400000,2,VA
400000,2,VA
400000,0,VA
1500000,2,CA
1500000,2,CA
1500000,0,CA
1500000,2,CA
1500000,0,CA
1500000,0,CA
1500000,2,CA
1500000,2,CA
1500000,2,CA
1500000,0,CA
1500000,2,CA
1500000,2,CA
1500000,2,CA
1500000,2,CA
1500000,0,CA
1500000,2,CA
1500000,2,CA
1500000,2,CA
1500000,0,CA
1500000,2,CA
1500000,2,CA
1500000,2,CA
1500000,2,CA
1500000,2,CA
1500000,0,CA
1500000,2,CA
1500000,0,CA
1500000,0,CA
1500000,2,CA
135000,2,FL
135000,2,FL
180000,2,NC
180000,1,KS
275000,2,CA
275000,2,CA
275000,2,CA
275000,2,CA
275000,2,CA
300000,2,KS
225000,1,TX
225000,1,TX
225000,2,AZ
225000,2,AZ
225000,2,AZ
225000,2,AZ
225000,2,AZ
225000,2,AZ
225000,2,AZ
225000,2,AZ
225000,2,AZ
225000,2,AZ
225000,2,AZ
250000,2,FL
550000,1,WA
550000,1,WA
475000,1,CA
900000,1,NY
140000,1,OK
140000,1,OK
140000,1,OK
140000,1,OK
475000,2,CA
475000,2,CA
475000,2,CA
475000,2,CA
475000,2,CA
300000,1,NY
250000,2,FL
350000,1,TX
350000,1,TX
350000,1,TX
300000,2,MI
900000,1,CA
900000,1,CA
300000,2,GA
300000,2,GA
300000,2,GA
150000,1,OH
150000,1,OH
220000,2,AZ
220000,2,AZ
220000,2,AZ
220000,2,AZ
220000,2,AZ
220000,2,AZ
220000,2,AZ
220000,2,AZ
220000,1,AZ
220000,2,AZ
180000,1,DE
300000,1,OR
325000,1,NJ
1000000,2,OH
1000000,2,OH
1000000,2,OH
1000000,2,OH
200000,2,LA
180000,1,AZ
160000,1,AZ
325000,2,CA
325000,2,CA
325000,2,CA
325000,2,CA
325000,2,CA
325000,2,CA
325000,2,CA
325000,2,CA
325000,2,CA
900000,2,OR
900000,2,OR
900000,2,OR
900000,2,OR
900000,2,OR
900000,2,OR
900000,2,OR
900000,2,OR
900000,2,OR
900000,2,OR
900000,2,OR
900000,2,OR
900000,2,OR
900000,2,OR
900000,2,OR
900000,2,OR
900000,2,OR
900000,2,OR
900000,2,OR
900000,2,OR
900000,2,OR
900000,2,OR
900000,2,OR
900000,2,OR
900000,2,OR
900000,2,OR
900000,2,OR
900000,2,OR
900000,2,OR
900000,2,OR
900000,2,OR
900000,2,OR
900000,2,OR
900000,2,OR
900000,2,OR
900000,2,OR
900000,2,OR
900000,2,OR
900000,2,OR
900000,2,OR
900000,2,OR
900000,2,OR
900000,2,OR
900000,2,OR
900000,2,OR
900000,2,OR
900000,2,OR
900000,2,OR
900000,2,OR
350000,1,NC
225000,2,MI
225000,2,MI
225000,2,MI
225000,2,MI
225000,2,MI
1500000,2,MA
1500000,2,MA
1500000,2,MA
600000,1,CA
350000,2,MI
350000,2,MI
100000,1,TX
1500000,2,NY
1500000,2,NY
1500000,2,NY
1500000,2,NY
70000,1,MI
70000,1,MI
70000,1,MI
500000,2,ME
500000,2,ME
500000,1,ME
500000,2,ME
500000,2,ME
500000,2,ME
500000,2,ME
500000,2,ME
500000,2,ME
500000,2,ME
500000,2,ME
500000,2,ME
500000,2,ME
500000,2,ME
450000,1,CA
200000,2,CT
200000,2,CT
200000,2,CT
200000,2,CT
200000,2,CT
200000,2,CT
200000,2,CT
200000,1,CT
200000,2,CT
170000,2,PA
170000,2,PA
160000,2,OH
160000,2,OH
160000,2,OH
160000,2,OH
160000,2,OH
160000,2,OH
160000,2,OH
160000,2,OH
160000,2,OH
160000,2,OH
400000,1,NC
120000,1,AR
350000,1,MD
350000,1,MD
350000,2,MD
130000,2,GA
130000,2,GA
130000,2,GA
130000,2,GA
130000,2,GA
400000,2,FL
400000,2,FL
400000,2,FL
400000,2,FL
400000,2,FL
400000,2,FL
400000,2,FL
400000,2,FL
160000,1,FL
170000,1,AZ
325000,2,ME
325000,2,ME
325000,2,ME
325000,2,ME
325000,2,ME
120000,1,RI
300000,1,KY
300000,1,KY
250000,2,NV
190000,1,MN
350000,1,MD
350000,1,MD
70000,2,FL
70000,2,FL
70000,2,FL
325000,2,NH
325000,2,NH
325000,2,NH
325000,1,NH
325000,2,NH
190000,1,AZ
85000,2,IN
350000,2,CT
350000,2,CT
350000,2,CT
350000,2,CT
350000,2,CT
350000,1,CT
350000,2,CT
350000,2,CT
350000,2,CT
350000,1,CT
350000,2,CT
350000,2,CT
350000,2,CT
350000,2,CT
350000,2,CT
350000,2,CT
350000,2,CT
350000,2,CT
350000,2,CT
350000,2,CT
350000,2,CT
350000,2,CT
1500000,2,CA
1500000,1,CA
550000,2,CA
500000,1,NH
375000,1,TN
425000,1,CA
425000,1,CA
200000,2,MO
200000,2,MO
190000,2,TX
190000,2,TX
190000,2,TX
190000,2,TX
190000,2,TX
190000,2,TX
190000,2,TX
190000,2,TX
190000,2,TX
190000,2,TX
190000,2,TX
190000,2,TX
190000,2,TX
190000,2,TX
190000,2,TX
190000,2,TX
190000,2,TX
190000,2,TX
190000,2,TX
190000,2,TX
190000,2,TX
190000,2,TX
190000,2,TX
190000,2,TX
190000,2,TX
190000,2,TX
190000,2,TX
190000,2,TX
190000,2,TX
190000,2,TX
190000,2,TX
190000,2,TX
190000,2,TX
190000,2,TX
190000,2,TX
190000,2,TX
190000,2,TX
190000,2,TX
190000,1,TX
190000,2,TX
190000,2,TX
350000,1,MI
650000,1,WA
1500000,1,CA
160000,1,GA
200000,1,MI
120000,1,KS
65000,1,IN
600000,1,CA
600000,1,TX
450000,2,OH
450000,2,OH
450000,2,OH
450000,2,OH
450000,2,OH
750000,2,CA
750000,2,CA
750000,2,CA
160000,1,GA
600000,2,CO
200000,2,FL
200000,2,FL
200000,2,FL
200000,2,FL
200000,2,FL
200000,2,CT
105000,2,AR
105000,2,AR
105000,2,AR
105000,2,AR
105000,2,AR
105000,2,AR
105000,2,AR
105000,2,AR
325000,2,FL
325000,2,FL
325000,2,FL
325000,2,FL
325000,2,FL
325000,1,FL
400000,2,CA
400000,2,CA
400000,2,CA
400000,2,CA
400000,2,CA
190000,1,CO
250000,1,TX
90000,2,UT
90000,2,UT
350000,2,NM
350000,2,NM
350000,2,NM
400000,1,CO
350000,2,WA
350000,2,WA
325000,2,RI
170000,1,NM
170000,2,TX
170000,2,TX
170000,2,TX
170000,2,TX
150000,1,MT
150000,1,AL
250000,1,CA
250000,2,CT
250000,2,CT
250000,2,CT
250000,2,CT
250000,1,CT
250000,2,CT
425000,2,CA
425000,2,CA
300000,2,WA
300000,2,WA
300000,2,WA
300000,2,WA
300000,2,WA
1500000,2,CA
1500000,2,CA
1500000,2,CA
1500000,2,CA
1500000,2,CA
750000,2,CA
750000,2,CA
300000,2,MA
300000,2,MA
300000,2,MA
300000,2,MA
300000,2,MA
300000,2,MA
300000,2,MA
300000,2,MA
300000,2,MA
300000,2,MA
300000,2,MA
300000,2,MA
300000,2,MA
300000,2,MA
300000,2,MA
300000,2,MA
300000,2,MA
300000,2,MA
300000,2,MA
300000,2,MA
250000,1,TX
1000000,2,CA
90000,2,OH
90000,2,OH
90000,2,OH
90000,2,OH
90000,2,OH
90000,2,OH
90000,1,OH
90000,2,OH
90000,2,OH
90000,2,OH
90000,2,OH
115000,1,TX
550000,2,CA
550000,2,CA
550000,2,CA
550000,2,CA
550000,2,CA
375000,2,FL
375000,2,FL
375000,2,FL
375000,2,FL
375000,2,FL
375000,2,FL
375000,2,FL
375000,2,FL
375000,2,FL
375000,2,FL
375000,2,FL
375000,2,FL
375000,2,FL
375000,2,FL
375000,2,FL
375000,2,FL
375000,2,FL
375000,2,FL
375000,2,FL
375000,2,FL
375000,2,FL
375000,2,FL
375000,2,FL
375000,2,FL
375000,2,FL
375000,2,FL
375000,2,FL
375000,2,FL
375000,2,FL
375000,2,FL
375000,2,FL
375000,2,FL
375000,2,FL
375000,2,FL
375000,2,FL
375000,2,FL
180000,1,OR
2000000,1,WY
2000000,2,WY
200000,2,SC
200000,1,SC
550000,2,OR
550000,2,OR
550000,2,OR
550000,2,OR
550000,2,OR
130000,2,OK
130000,2,OK
130000,2,OK
130000,2,OK
130000,2,OK
500000,2,CA
500000,2,CA
500000,2,CA
500000,2,CA
500000,2,CA
400000,2,MD
400000,2,MD
400000,2,MD
400000,2,MD
400000,2,MD
700000,2,CA
700000,2,CA
700000,2,CA
700000,2,CA
700000,2,CA
400000,2,CA
400000,2,CA
400000,2,CA
400000,2,CA
400000,2,CA
400000,2,CA
400000,2,CA
400000,2,CA
400000,2,CA
400000,2,CA
400000,2,CA
400000,2,CA
400000,2,CA
400000,2,CA
400000,2,CA
400000,2,CA
400000,2,CA
400000,2,CA
400000,2,CA
400000,2,CA
400000,2,CA
400000,2,CA
400000,2,CA
400000,2,CA
400000,2,CA
400000,2,CA
400000,2,CA
400000,2,CA
400000,2,CA
400000,2,CA
190000,2,OH
190000,2,OH
190000,2,OH
375000,2,NV
375000,2,NV
375000,2,NV
375000,2,NV
375000,2,NV
375000,2,NV
375000,2,NV
375000,2,NV
375000,2,NV
375000,2,NV
375000,2,NV
375000,2,NV
375000,2,NV
375000,2,NV
375000,2,NV
375000,2,NV
375000,2,NV
375000,2,NV
375000,2,NV
375000,2,NV
375000,2,NV
375000,2,NV
375000,2,NV
375000,2,NV
375000,2,NV
400000,1,NJ
160000,2,WI
160000,2,WI
160000,2,WI
160000,2,WI
160000,2,WI
160000,2,WI
160000,2,WI
160000,2,WI
160000,2,WI
160000,2,WI
160000,2,WI
160000,2,WI
160000,2,WI
160000,2,WI
160000,2,WI
160000,2,WI
160000,2,WI
160000,2,WI
160000,2,WI
160000,2,WI
160000,2,WI
160000,2,WI
160000,2,WI
160000,2,WI
160000,2,WI
160000,2,WI
160000,2,WI
160000,2,WI
160000,2,WI
160000,2,WI
85000,1,AL
65000,2,PA
225000,2,MA
225000,2,MA
225000,2,MA
110000,2,FL
110000,2,FL
110000,2,FL
110000,2,FL
110000,2,FL
400000,2,CA
400000,2,CA
400000,2,CA
400000,2,CA
400000,2,CA
400000,2,CA
400000,2,CA
400000,2,CA
400000,2,CA
400000,2,CA
400000,2,CA
400000,2,CA
400000,2,CA
400000,2,CA
400000,2,CA
400000,2,CA
400000,2,CA
400000,2,CA
400000,2,CA
400000,2,CA
400000,2,CA
400000,2,CA
400000,2,CA
400000,2,CA
400000,2,CA
90000,1,FL
90000,1,FL
65000,2,PA
200000,1,TX
325000,2,NC
325000,2,NC
325000,2,NC
325000,2,NC
325000,2,NC
160000,2,NC
160000,2,NC
160000,2,NC
300000,2,TX
300000,2,TX
300000,2,TX
300000,1,TX
900000,2,WA
900000,2,WA
900000,2,WA
900000,2,WA
350000,2,TX
350000,1,TX
350000,2,TX
350000,2,TX
350000,2,TX
350000,2,TX
750000,2,CA
750000,2,CA
750000,0,CA
750000,2,CA
750000,2,CA
750000,2,CA
750000,2,CA
750000,2,CA
750000,2,CA
750000,2,CA
750000,2,CA
750000,2,CA
750000,2,CA
750000,2,CA
750000,2,CA
750000,2,CA
750000,2,CA
750000,2,CA
750000,2,CA
750000,2,CA
750000,2,CA
750000,2,CA
750000,2,CA
750000,2,CA
750000,2,CA
750000,2,CA
95000,1,IL
1500000,1,CA
115000,1,IA
225000,1,CA
200000,2,LA
200000,2,LA
120000,1,FL
190000,2,CA
275000,2,ME
275000,2,ME
275000,2,ME
850000,2,DC
850000,2,DC
850000,2,DC
850000,2,DC
850000,2,DC
300000,2,MN
75000,2,NY
75000,2,NY
75000,2,NY
75000,2,NY
75000,2,NY
250000,2,DE
180000,2,SC
200000,2,FL
200000,2,FL
200000,2,FL
200000,2,FL
200000,2,FL
1500000,1,FL
425000,2,NY
425000,2,NY
425000,2,NY
425000,2,NY
425000,2,NY
425000,2,NY
425000,2,NY
425000,2,NY
425000,2,NY
425000,2,NY
425000,2,NY
425000,2,NY
425000,2,NY
425000,2,NY
1500000,2,CA
1500000,2,CA
1500000,2,CA
1500000,2,CA
1500000,2,CA
135000,2,MI
135000,2,MI
350000,2,FL
180000,2,AZ
180000,2,AZ
180000,2,AZ
180000,2,AZ
180000,2,AZ
180000,2,AZ
180000,2,AZ
180000,2,AZ
180000,2,AZ
180000,2,AZ
180000,2,AZ
180000,1,AZ
180000,2,AZ
180000,2,AZ
180000,2,AZ
180000,2,AZ
180000,2,AZ
180000,2,AZ
180000,2,AZ
200000,1,IN
300000,2,IL
300000,2,IL
300000,2,IL
300000,2,IL
300000,2,IL
190000,2,NJ
190000,2,NJ
190000,2,NJ
190000,2,NJ
190000,2,NJ
250000,2,AL
250000,2,AL
1000000,1,CA
325000,1,CA
250000,2,NV
250000,2,NV
250000,2,NV
250000,2,NV
250000,2,NV
1500000,2,OR
1500000,1,OR
190000,1,OH
170000,2,TN
170000,2,TN
170000,2,TN
170000,2,TN
170000,2,TN
350000,1,IN
550000,1,TX
225000,2,FL
160000,1,TX
180000,1,MD
200000,1,FL
2000000,2,CA
2000000,2,CA
2000000,2,CA
2000000,2,CA
2000000,2,CA
75000,2,IN
325000,2,NC
325000,2,NC
325000,2,NC
325000,2,NC
325000,2,NC
325000,2,NC
325000,2,NC
325000,2,NC
325000,2,NC
325000,2,NC
325000,2,NC
325000,2,NC
325000,2,NC
85000,2,FL
85000,2,FL
85000,2,FL
85000,2,FL
375000,1,TX
70000,2,MN
70000,2,MN
70000,2,MN
70000,2,MN
70000,2,MN
2000000,1,CA
2000000,2,CA
125000,2,TN
125000,2,TN
125000,2,TN
125000,2,TN
125000,2,TN
450000,1,FL
450000,1,VA
250000,0,KS
250000,0,KS
250000,0,KS
250000,0,KS
250000,0,KS
250000,2,KS
250000,0,KS
250000,0,KS
250000,0,KS
250000,0,KS
250000,0,KS
250000,0,KS
250000,2,KS
250000,2,KS
250000,0,KS
250000,0,KS
250000,0,KS
250000,0,KS
160000,2,TN
160000,2,TN
160000,1,TN
1000000,2,CA
1000000,0,CA
700000,2,MA
700000,2,MA
700000,1,MA
300000,0,PA
300000,0,CA
300000,2,CA
300000,0,CA
300000,0,CA
300000,2,CA
300000,0,CA
300000,0,CA
300000,2,CA
300000,2,CA
275000,0,CA
275000,0,CA
275000,2,CA
275000,2,CA
275000,0,CA
160000,1,TX
160000,0,TX
140000,0,MI
650000,2,MA
650000,2,MA
80000,0,OH
180000,1,TX
350000,1,TX
950000,1,NY
170000,0,RI
170000,1,RI
400000,0,NC
400000,2,NC
400000,2,NC
400000,0,NC
400000,2,NC
275000,0,WA
250000,0,VA
250000,2,VA
550000,2,CA
550000,0,CA
550000,2,CA
550000,2,CA
550000,0,CA
250000,0,AZ
170000,2,TX
170000,0,TX
170000,0,TX
170000,0,TX
170000,0,TX
130000,0,NE
130000,0,NE
130000,2,NE
130000,2,NE
130000,2,NE
95000,1,SC
1500000,0,PA
500000,1,CA
250000,0,FL
250000,2,FL
250000,2,FL
250000,2,FL
250000,0,FL
250000,2,FL
250000,2,FL
250000,0,FL
250000,0,FL
250000,2,FL
250000,0,FL
250000,2,FL
250000,2,FL
250000,2,FL
250000,2,FL
250000,2,FL
250000,0,FL
250000,0,FL
250000,2,FL
250000,2,FL
250000,0,FL
250000,0,FL
250000,2,FL
250000,0,FL
250000,0,FL
250000,0,FL
250000,0,FL
250000,0,FL
250000,0,FL
250000,0,FL
550000,0,WA
275000,1,WI
250000,0,LA
250000,2,LA
250000,0,LA
250000,0,LA
350000,0,GA
350000,0,GA
350000,0,GA
700000,2,NY
700000,2,NY
500000,0,CA
325000,0,MD
325000,2,MD
325000,2,MD
325000,0,MD
325000,0,MD
325000,0,MD
325000,2,MD
325000,0,MD
325000,0,MD
325000,2,MD
325000,2,MD
325000,2,MD
325000,0,MD
325000,0,MD
325000,2,MD
325000,2,MD
325000,0,MD
325000,2,MD
225000,2,FL
225000,0,FL
225000,2,FL
225000,2,FL
225000,0,FL
115000,0,VA
140000,2,NV
140000,0,NV
140000,2,NV
140000,0,NV
140000,2,NV
375000,2,MD
750000,1,MA
225000,2,DE
225000,2,DE
225000,2,DE
225000,2,DE
225000,0,DE
400000,0,WV
200000,1,MD
200000,1,MD
140000,2,IN
140000,0,IN
140000,0,IN
140000,0,IN
140000,0,IN
850000,2,IL
850000,2,IL
850000,2,IL
850000,2,IL
850000,2,IL
850000,2,IL
850000,2,IL
850000,2,IL
850000,2,IL
850000,2,IL
850000,0,IL
850000,2,IL
850000,2,IL
850000,2,IL
850000,2,IL
850000,2,IL
850000,2,IL
850000,2,IL
850000,2,IL
850000,2,IL
850000,2,IL
375000,2,CA
375000,2,CA
375000,2,CA
375000,2,CA
375000,2,CA
375000,2,CA
375000,2,CA
375000,2,CA
375000,2,CA
375000,2,CA
375000,2,CA
375000,2,CA
375000,2,CA
375000,2,CA
375000,2,CA
375000,2,CA
375000,2,CA
375000,2,CA
375000,2,CA
375000,2,CA
375000,2,CA
375000,2,CA
375000,2,CA
375000,2,CA
375000,2,CA
375000,2,CA
375000,2,CA
375000,2,CA
375000,2,CA
375000,2,CA
375000,2,CA
375000,2,CA
375000,2,CA
375000,2,CA
375000,2,CA
375000,2,CA
375000,2,CA
375000,2,CA
375000,2,CA
375000,2,CA
1500000,2,MA
1500000,2,MA
1500000,2,MA
275000,2,IA
425000,1,TX
225000,2,WA
225000,2,WA
225000,2,WA
225000,2,WA
225000,2,WA
225000,2,WA
225000,2,WA
225000,2,WA
225000,2,WA
225000,2,WA
225000,2,WA
225000,2,WA
225000,2,WA
225000,2,WA
225000,2,WA
225000,2,WA
300000,2,OH
300000,2,OH
300000,2,OH
300000,2,OH
300000,2,OH
300000,2,OH
300000,2,OH
300000,2,OH
300000,2,OH
300000,2,OH
300000,2,OH
300000,2,OH
300000,2,OH
300000,2,OH
300000,2,OH
300000,2,OH
300000,2,OH
300000,2,OH
300000,2,OH
300000,2,OH
300000,2,OH
375000,2,CA
375000,2,CA
375000,2,CA
375000,2,CA
375000,2,CA
300000,2,VA
300000,2,VA
300000,2,VA
300000,2,VA
300000,2,VA
250000,1,VA
130000,2,PA
130000,2,PA
130000,2,PA
190000,2,MD
190000,2,MD
190000,2,MD
190000,2,MD
190000,2,MD
190000,2,MD
190000,2,MD
190000,2,MD
190000,2,MD
190000,2,MD
190000,2,MD
190000,2,MD
190000,2,MD
190000,2,MD
190000,2,MD
190000,2,MD
190000,2,MD
190000,2,MD
190000,2,MD
190000,2,MD
190000,2,MD
190000,2,MD
190000,2,MD
190000,2,MD
190000,2,MD
190000,2,MD
190000,2,MD
190000,0,MD
190000,2,MD
190000,2,MD
190000,2,MD
190000,2,MD
190000,2,MD
190000,2,MD
190000,2,MD
190000,2,MD
190000,2,MD
190000,2,MD
190000,2,MD
190000,2,MD
700000,2,HI
275000,2,CA
275000,2,CA
275000,2,CA
275000,2,CA
275000,2,CA
325000,2,AL
325000,2,AL
325000,2,AL
325000,2,AL
325000,2,AL
400000,1,FL
400000,1,FL
350000,2,CA
250000,2,PA
250000,2,PA
250000,2,PA
250000,2,PA
250000,2,PA
130000,2,TN
250000,1,DE
600000,2,CA
600000,2,CA
600000,2,CA
600000,2,CA
600000,2,CA
600000,2,CA
600000,2,CA
600000,2,CA
600000,2,CA
600000,2,CA
600000,2,CA
600000,2,CA
600000,2,CA
600000,2,CA
600000,2,CA
600000,2,CA
600000,1,CA
600000,2,CA
600000,2,CA
600000,2,CA
600000,2,CA
600000,2,CA
600000,2,CA
600000,2,CA
325000,2,VA
325000,2,VA
325000,2,VA
325000,2,VA
325000,2,VA
600000,0,CA
600000,2,CA
600000,2,CA
600000,2,CA
600000,2,CA
600000,2,CA
600000,2,CA
600000,2,CA
600000,2,CA
600000,2,CA
600000,2,CA
600000,2,CA
600000,2,CA
600000,2,CA
600000,0,CA
600000,0,CA
600000,2,CA
800000,2,MD
800000,2,MD
800000,2,MD
800000,2,MD
375000,1,NV
225000,2,WI
225000,2,WI
225000,2,WI
225000,2,WI
225000,2,WI
650000,2,MD
650000,2,MD
650000,2,MD
650000,2,MD
650000,2,MD
65000,1,IA
700000,1,AZ
325000,2,FL
150000,1,TX
150000,2,TX
160000,2,MI
160000,2,MI
160000,2,MI
160000,2,MI
160000,2,MI
200000,1,MN
500000,2,HI
300000,2,AZ
300000,2,AZ
300000,2,AZ
300000,2,AZ
275000,1,ME
275000,1,ME
120000,2,AZ
200000,1,KS
275000,1,TX
275000,1,TX
300000,2,CO
300000,2,CO
300000,2,CO
160000,2,CT
600000,2,SC
500000,2,CA
500000,1,CA
600000,2,LA
600000,2,LA
600000,2,LA
600000,2,LA
600000,2,LA
125000,2,CO
125000,2,CO
125000,2,CO
350000,2,FL
350000,2,FL
350000,2,FL
350000,2,FL
350000,2,FL
350000,1,FL
350000,2,FL
350000,2,FL
350000,2,FL
350000,2,FL
350000,2,FL
350000,2,FL
350000,2,FL
350000,2,FL
350000,2,FL
350000,2,FL
350000,2,FL
350000,2,FL
350000,2,FL
350000,2,FL
350000,2,FL
350000,2,FL
350000,2,FL
350000,2,FL
350000,2,FL
350000,2,FL
350000,2,FL
350000,2,FL
350000,2,FL
350000,2,FL
350000,2,FL
350000,2,FL
350000,2,FL
350000,2,FL
350000,2,FL
350000,2,FL
350000,2,FL
170000,1,AZ
170000,1,IA
1500000,1,CA
750000,2,CA
750000,2,CA
750000,2,CA
750000,2,CA
750000,2,CA
250000,2,CA
250000,2,CA
250000,2,CA
250000,2,CA
250000,2,CA
250000,2,CA
250000,2,CA
250000,2,CA
250000,2,CA
250000,2,CA
250000,2,CA
250000,2,CA
250000,2,CA
250000,2,CA
250000,2,CA
250000,2,CA
250000,2,CA
250000,2,CA
250000,2,CA
250000,2,CA
250000,2,CA
250000,2,CA
250000,2,CA
250000,2,CA
250000,2,CA
550000,2,CA
350000,1,MO
350000,1,MO
350000,2,MO
350000,2,MO
350000,2,MO
125000,1,TX
125000,2,TX
425000,2,MA
425000,2,MA
425000,2,MA
425000,2,MA
425000,2,MA
225000,1,NY
225000,1,NY
550000,2,NJ
550000,2,NJ
130000,2,FL
130000,2,FL
130000,2,FL
130000,2,FL
130000,2,FL
425000,1,RI
135000,2,WI
135000,2,WI
135000,2,WI
275000,1,NC
170000,1,TN
170000,1,TN
225000,1,WI
180000,2,NV
180000,2,NV
100000,1,WA
325000,2,MO
325000,2,MO
450000,2,CO
450000,2,CO
450000,2,CO
450000,2,CO
450000,2,CO
275000,1,IL
250000,2,FL
250000,2,FL
250000,2,FL
250000,2,FL
250000,2,FL
125000,2,MI
125000,2,MI
85000,1,OH
200000,2,MI
200000,2,MI
200000,2,MI
200000,2,MI
200000,2,MI
160000,2,PA
160000,2,PA
160000,2,PA
160000,2,PA
325000,2,GA
200000,2,CO
200000,2,CO
200000,2,CO
200000,2,CO
200000,2,CO
125000,1,FL
300000,2,GA
300000,2,GA
300000,2,GA
300000,2,GA
300000,2,GA
250000,1,WA
850000,1,WA
850000,1,WA
850000,1,WA
850000,1,WA
850000,1,WA
850000,1,WA
250000,2,TX
250000,2,TX
325000,2,FL
325000,2,FL
325000,2,FL
325000,2,FL
325000,2,FL
250000,2,NJ
250000,2,NJ
250000,2,NJ
250000,2,NJ
250000,2,NJ
250000,1,NJ
250000,2,NM
250000,2,NM
250000,2,NM
250000,2,NM
250000,2,NM
250000,2,NM
250000,2,NM
250000,2,NM
425000,2,WA
425000,2,WA
425000,2,WA
425000,2,WA
425000,2,WA
425000,2,WA
425000,2,WA
425000,2,WA
425000,2,WA
425000,2,WA
950000,1,HI
950000,1,HI
475000,1,CO
475000,1,CO
500000,1,OH
800000,2,FL
800000,2,FL
800000,2,FL
250000,1,MD
550000,1,SC
300000,1,AL
300000,1,AL
300000,1,AL
160000,1,PA
350000,2,MD
350000,2,MD
350000,2,MD
350000,2,MD
350000,2,MD
250000,2,VA
250000,2,VA
250000,2,VA
250000,2,VA
250000,2,VA
425000,2,NJ
425000,2,NJ
425000,2,NJ
425000,2,NJ
325000,1,NJ
135000,2,NY
135000,2,NY
135000,2,NY
135000,2,NY
135000,2,NY
110000,1,PA
110000,1,PA
110000,1,PA
110000,1,PA
90000,2,FL
90000,2,FL
90000,2,FL
375000,2,AZ
375000,2,AZ
375000,2,AZ
375000,2,AZ
375000,1,AZ
375000,2,AZ
375000,2,AZ
375000,2,AZ
375000,2,AZ
375000,2,AZ
375000,2,AZ
375000,2,AZ
375000,2,AZ
375000,2,AZ
375000,2,AZ
375000,2,AZ
180000,2,MI
180000,2,MI
180000,2,MI
180000,2,MI
180000,2,MI
180000,2,MI
180000,2,MI
180000,2,MI
180000,2,MI
180000,2,MI
180000,2,MI
180000,2,MI
180000,2,MI
180000,2,MI
180000,2,MI
180000,2,MI
180000,2,MI
180000,2,MI
180000,2,MI
180000,2,MI
180000,2,MI
180000,2,MI
180000,2,MI
180000,2,MI
180000,2,MI
180000,2,MI
180000,2,MI
180000,2,MI
180000,2,MI
180000,2,MI
180000,2,MI
180000,2,MI
180000,2,MI
180000,2,MI
180000,2,MI
180000,2,MI
180000,2,MI
180000,2,MI
180000,2,MI
180000,2,MI
180000,2,MI
180000,2,MI
180000,2,MI
180000,2,MI
180000,2,MI
180000,2,MI
180000,2,MI
180000,2,MI
180000,2,MI
180000,2,MI
180000,2,MI
180000,2,MI
180000,2,MI
180000,2,MI
180000,2,MI
180000,2,MI
150000,1,PA
150000,1,PA
225000,2,MN
300000,1,FL
300000,1,FL
1500000,2,CA
1500000,2,CA
1500000,2,CA
650000,2,CA
650000,2,CA
650000,2,CA
650000,2,CA
650000,2,CA
650000,2,CA
650000,2,CA
650000,2,CA
650000,2,CA
650000,2,CA
650000,2,CA
650000,2,CA
650000,2,CA
650000,2,CA
650000,2,CA
650000,2,CA
225000,2,OH
225000,2,OH
900000,2,TX
900000,2,TX
900000,2,TX
900000,2,TX
900000,2,TX
900000,2,TX
900000,2,TX
900000,2,TX
900000,2,TX
900000,2,TX
900000,2,TX
900000,2,TX
75000,2,FL
100000,0,TX
550000,2,PA
550000,2,PA
550000,2,PA
550000,2,PA
550000,2,PA
250000,2,MO
250000,2,MO
250000,2,MO
250000,1,MO
250000,2,MO
250000,2,MO
250000,2,MO
250000,2,MO
750000,2,NY
750000,2,NY
475000,2,CA
475000,2,CA
475000,2,CA
475000,2,CA
475000,2,CA
475000,2,CA
475000,2,CA
475000,2,CA
475000,2,CA
475000,2,CA
475000,2,CA
475000,2,CA
475000,2,CA
475000,2,CA
475000,2,CA
475000,2,CA
475000,2,CA
475000,2,CA
475000,2,CA
475000,2,CA
475000,2,CA
475000,2,CA
475000,2,CA
475000,2,CA
475000,2,CA
475000,2,CA
475000,2,CA
475000,2,CA
475000,2,CA
475000,2,CA
475000,2,CA
475000,2,CA
475000,2,CA
475000,2,CA
475000,2,CA
475000,2,CA
475000,2,CA
350000,2,VA
350000,2,VA
350000,2,VA
350000,2,VA
350000,2,VA
225000,1,MN
1500000,2,IL
1500000,2,IL
1500000,2,IL
1500000,2,IL
375000,2,CA
375000,2,CA
375000,2,CA
375000,2,CA
375000,2,CA
190000,2,WA
190000,2,WA
125000,2,TX
350000,2,UT
350000,2,UT
350000,2,UT
500000,1,OH
500000,1,OH
950000,2,CA
950000,2,CA
950000,2,CA
275000,1,TX
190000,1,TN
375000,2,KY
375000,2,KY
375000,2,KY
375000,2,KY
375000,2,KY
425000,1,ME
190000,1,CA
250000,1,GA
550000,1,MD
160000,2,AZ
160000,2,AZ
160000,1,AZ
160000,1,AZ
160000,2,AZ
160000,1,AZ
160000,2,AZ
160000,2,AZ
160000,2,AZ
160000,2,AZ
160000,2,AZ
400000,2,CO
400000,2,CO
400000,2,CO
400000,2,CO
400000,2,CO
250000,1,LA
550000,2,FL
550000,2,FL
550000,2,FL
550000,2,FL
550000,2,FL
550000,2,FL
550000,2,FL
550000,2,FL
550000,2,FL
550000,2,FL
550000,2,FL
550000,2,FL
550000,2,FL
550000,2,FL
550000,2,FL
550000,2,FL
550000,2,FL
550000,2,FL
350000,2,FL
350000,2,FL
350000,2,FL
350000,0,FL
350000,2,FL
350000,0,FL
350000,2,FL
350000,0,FL
350000,2,FL
350000,0,FL
350000,2,FL
350000,2,FL
350000,0,FL
350000,0,FL
350000,0,FL
350000,2,FL
350000,0,FL
350000,0,FL
300000,2,GA
300000,0,GA
300000,0,GA
275000,0,FL
250000,2,MA
250000,0,MA
250000,0,MA
250000,2,MA
200000,0,NM
225000,0,NY
225000,1,NY
225000,2,NY
225000,0,NY
225000,0,NY
225000,0,NY
140000,0,MI
140000,0,MI
140000,2,MI
475000,0,CA
475000,2,CA
475000,2,CA
475000,0,CA
475000,0,CA
475000,0,CA
475000,2,CA
475000,0,CA
475000,0,CA
475000,2,CA
475000,0,CA
475000,0,CA
475000,0,CA
475000,0,CA
475000,0,CA
475000,0,CA
475000,2,CA
475000,2,CA
475000,0,CA
475000,0,CA
475000,2,CA
475000,2,CA
80000,2,NC
80000,2,NC
350000,2,TX
350000,0,TX
350000,2,TX
350000,2,TX
350000,2,TX
350000,2,TX
350000,0,TX
350000,2,TX
350000,0,TX
350000,0,TX
350000,2,TX
350000,0,TX
350000,0,TX
350000,0,TX
350000,2,TX
350000,0,TX
350000,2,TX
350000,0,TX
350000,2,TX
350000,2,TX
350000,2,TX
350000,0,TX
350000,2,TX
350000,2,TX
350000,0,TX
350000,0,TX
350000,2,TX
350000,2,TX
950000,2,MA
950000,0,MA
950000,0,MA
950000,2,MA
950000,0,MA
950000,2,MA
950000,2,MA
950000,0,MA
950000,2,MA
950000,0,MA
950000,2,MA
110000,0,NC
110000,0,NC
110000,0,NC
110000,0,NC
110000,0,NC
850000,0,VA
300000,0,TX
300000,2,TX
300000,2,TX
300000,0,TX
300000,2,TX
180000,0,OH
250000,2,AK
250000,2,AK
250000,2,AK
115000,0,NY
950000,2,MA
950000,2,MA
950000,2,MA
900000,1,CA
300000,1,TX
225000,2,WA
225000,2,WA
500000,2,WA
500000,2,WA
500000,2,WA
500000,2,WA
140000,2,IN
140000,2,IN
140000,2,IN
450000,2,NC
450000,2,NC
450000,2,NC
450000,2,NC
450000,2,NC
120000,2,TX
120000,2,TX
120000,2,TX
120000,2,TX
400000,2,FL
400000,2,FL
400000,2,FL
400000,2,FL
400000,2,FL
400000,2,FL
400000,2,FL
400000,2,FL
400000,2,FL
400000,2,FL
400000,2,FL
400000,2,FL
400000,2,FL
400000,2,FL
400000,2,FL
400000,2,FL
400000,2,FL
400000,2,FL
400000,2,FL
400000,2,FL
400000,2,FL
400000,2,FL
400000,2,FL
1500000,2,FL
1500000,2,FL
1500000,2,FL
1500000,2,FL
1500000,2,FL
425000,2,PA
425000,2,PA
425000,2,PA
425000,2,PA
425000,2,PA
180000,1,NJ
225000,2,RI
225000,2,RI
225000,2,RI
225000,2,RI
225000,2,RI
225000,2,RI
225000,2,RI
225000,2,RI
225000,2,RI
225000,2,RI
225000,2,RI
225000,2,RI
225000,2,RI
225000,2,RI
225000,2,RI
225000,2,RI
225000,2,RI
225000,2,RI
225000,2,RI
225000,2,RI
225000,2,RI
225000,2,RI
225000,2,RI
225000,2,RI
225000,2,RI
225000,2,RI
950000,2,CA
950000,2,CA
950000,2,CA
950000,2,CA
950000,2,CA
100000,2,NY
100000,2,NY
100000,2,NY
100000,2,NY
100000,2,NY
100000,2,NY
300000,1,OR
1500000,2,DE
1500000,2,DE
1500000,2,DE
1500000,2,DE
1500000,2,DE
250000,2,CO
250000,1,CO
250000,1,CO
700000,2,CA
700000,2,CA
700000,2,CA
700000,1,CA
700000,2,CA
500000,2,HI
500000,2,HI
500000,2,HI
500000,2,HI
225000,2,TX
225000,2,TX
225000,2,TX
225000,2,TX
325000,1,NC
250000,2,TX
250000,2,TX
250000,2,TX
250000,2,TX
250000,2,TX
400000,2,UT
400000,2,UT
400000,2,UT
400000,2,UT
400000,2,UT
400000,2,UT
400000,2,UT
400000,2,UT
900000,2,LA
900000,2,LA
900000,2,LA
900000,2,LA
250000,2,PA
250000,2,PA
250000,2,PA
250000,2,PA
250000,2,PA
250000,2,PA
250000,2,PA
250000,2,PA
250000,1,PA
250000,1,PA
350000,1,CO
160000,2,IN
160000,2,IN
160000,2,IN
160000,2,IN
160000,2,IN
400000,1,NJ
400000,1,NJ
400000,1,NJ
400000,1,NJ
100000,2,TX
135000,2,TX
250000,1,MO
200000,2,NV
200000,2,NV
200000,2,NV
200000,2,NV
200000,2,NV
250000,1,TX
120000,1,NY
150000,1,MI
250000,2,NC
250000,2,NC
250000,2,NC
250000,2,NC
250000,2,NC
275000,2,FL
275000,2,FL
275000,2,FL
275000,2,FL
275000,2,FL
200000,1,AL
1000000,2,CA
1000000,2,CA
1000000,2,CA
1000000,2,CA
1000000,2,CA
1000000,2,CA
160000,1,FL
130000,2,TX
130000,2,TX
130000,2,TX
130000,2,TX
130000,2,TX
160000,1,IN
160000,1,IN
170000,2,PA
170000,2,PA
170000,2,PA
170000,2,PA
170000,2,PA
500000,1,CA
500000,1,CA
500000,1,CA
500000,1,CA
500000,1,CA
500000,1,CA
500000,1,CA
500000,1,CA
500000,1,CA
170000,2,FL
170000,2,FL
170000,2,FL
170000,2,FL
170000,2,FL
170000,2,FL
170000,2,FL
170000,2,FL
170000,2,CT
170000,2,CT
170000,2,CT
170000,2,CT
425000,1,CA
425000,2,CA
425000,2,CA
425000,2,CA
275000,2,NV
275000,2,NV
275000,2,NV
275000,2,NV
275000,2,NV
275000,2,NV
275000,2,NV
275000,2,NV
275000,2,NV
275000,2,NV
275000,2,NV
275000,2,NV
275000,2,NV
400000,2,MD
400000,2,MD
400000,2,MD
400000,2,MD
400000,2,MD
850000,2,CA
850000,2,CA
850000,2,CA
850000,2,CA
850000,2,CA
850000,2,CA
850000,2,CA
850000,2,CA
850000,2,CA
850000,2,CA
850000,2,CA
850000,2,CA
850000,2,CA
850000,2,CA
850000,2,CA
850000,2,CA
850000,2,CA
850000,2,CA
850000,2,CA
850000,2,CA
850000,2,CA
850000,2,CA
850000,2,CA
850000,2,CA
850000,2,CA
850000,2,CA
850000,2,CA
850000,2,CA
850000,2,CA
850000,2,CA
850000,2,CA
850000,2,CA
850000,2,CA
850000,2,CA
850000,2,CA
850000,2,CA
850000,2,CA
850000,2,CA
850000,2,CA
850000,2,CA
850000,2,CA
850000,2,CA
850000,2,CA
850000,2,CA
850000,2,CA
850000,2,CA
200000,2,AZ
200000,2,AZ
200000,2,AZ
300000,1,NY
170000,2,FL
170000,2,FL
170000,2,FL
350000,2,NJ
350000,2,NJ
350000,2,NJ
350000,1,NJ
350000,2,NJ
350000,2,NJ
350000,2,NJ
350000,2,NJ
350000,2,NJ
350000,2,NJ
350000,2,NJ
350000,2,NJ
350000,2,NJ
350000,2,NJ
600000,2,CA
600000,2,CA
600000,2,CA
600000,2,CA
600000,2,CA
190000,1,TX
190000,2,TX
190000,2,TX
190000,2,TX
190000,2,TX
190000,2,TX
190000,2,TX
190000,2,TX
190000,2,TX
190000,2,TX
190000,2,TX
190000,2,TX
190000,2,TX
190000,2,TX
190000,2,TX
190000,2,TX
190000,2,TX
190000,2,TX
190000,2,TX
190000,2,TX
190000,2,TX
190000,2,TX
190000,2,TX
190000,2,TX
190000,2,TX
190000,2,TX
190000,2,TX
190000,2,TX
190000,2,TX
190000,2,TX
190000,2,TX
190000,2,TX
190000,2,TX
190000,2,TX
190000,1,TX
190000,2,TX
190000,2,TX
140000,2,TX
160000,1,NC
500000,2,CA
500000,2,CA
500000,2,CA
500000,2,CA
500000,2,CA
500000,2,CA
500000,2,CA
500000,2,CA
500000,2,CA
500000,2,CA
500000,2,CA
500000,2,CA
500000,2,CA
500000,2,CA
500000,2,CA
500000,2,CA
500000,2,CA
500000,2,CA
500000,2,CA
500000,2,CA
500000,2,CA
500000,2,CA
500000,2,CA
500000,2,CA
500000,2,CA
500000,2,CA
500000,2,CA
500000,2,CA
500000,2,CA
500000,2,CA
500000,2,CA
500000,2,CA
500000,2,CA
500000,2,CA
500000,2,CA
500000,2,CA
500000,2,CA
500000,2,CA
500000,2,CA
500000,2,CA
500000,2,CA
500000,2,CA
500000,2,CA
90000,2,MI
90000,2,MI
90000,2,MI
90000,2,MI
90000,2,MI
90000,2,MI
90000,2,MI
90000,2,MI
90000,2,MI
90000,2,MI
90000,2,MI
90000,2,MI
90000,2,MI
90000,2,MI
90000,2,MI
90000,2,MI
90000,2,MI
90000,2,MI
275000,2,FL
225000,2,MN
225000,2,MN
250000,2,CA
250000,2,CA
250000,2,CA
250000,2,CA
250000,2,CA
250000,2,CA
250000,2,CA
250000,2,CA
250000,2,CA
250000,2,CA
250000,2,CA
250000,2,CA
250000,2,CA
250000,2,CA
250000,2,CA
250000,2,CA
250000,2,CA
250000,2,CA
250000,2,CA
250000,2,CA
250000,2,CA
250000,2,CA
250000,2,CA
250000,2,CA
250000,2,CA
250000,2,CA
250000,2,CA
250000,2,CA
250000,2,CA
250000,2,CA
250000,2,CA
250000,2,CA
250000,2,CA
250000,2,CA
250000,2,CA
250000,2,CA
250000,2,CA
600000,1,MD
200000,1,PA
200000,1,PA
200000,1,PA
200000,1,PA
450000,2,CO
450000,2,CO
450000,2,CO
450000,2,CO
450000,2,CO
450000,2,CO
450000,2,CO
450000,2,CO
450000,2,CO
450000,2,CO
450000,2,CO
450000,2,CO
450000,2,CO
450000,2,CO
450000,2,CO
450000,2,CO
450000,2,CO
450000,2,CO
450000,2,CO
450000,2,CO
450000,2,CO
450000,2,CO
450000,2,CO
450000,2,CO
450000,2,CO
450000,2,CO
450000,2,CO
450000,2,CO
450000,2,CO
450000,2,CO
450000,2,CO
450000,2,CO
450000,2,CO
450000,2,CO
450000,2,CO
450000,2,CO
450000,2,CO
450000,2,CO
450000,2,CO
450000,2,CO
450000,2,CO
450000,2,CO
450000,2,CO
450000,2,CO
450000,2,CO
450000,2,CO
450000,2,CO
450000,2,CO
75000,1,VA
180000,2,PA
125000,2,GA
125000,2,GA
125000,2,GA
125000,2,GA
160000,2,IL
160000,2,IL
160000,2,IL
160000,2,IL
160000,2,IL
250000,2,NC
250000,2,NC
250000,2,NC
250000,2,NC
250000,2,NC
115000,2,PA
115000,2,PA
115000,2,PA
115000,2,PA
115000,2,PA
115000,2,PA
115000,2,PA
115000,2,PA
115000,2,PA
115000,2,PA
115000,2,PA
115000,2,PA
115000,2,PA
115000,2,PA
115000,2,PA
115000,2,PA
115000,2,PA
115000,2,PA
115000,2,PA
115000,2,PA
115000,2,PA
115000,2,PA
115000,2,PA
600000,2,TX
425000,2,MA
275000,1,CA
275000,2,CA
275000,2,CA
275000,2,CA
550000,2,NJ
550000,2,NJ
550000,2,NJ
550000,2,NJ
550000,2,NJ
325000,2,PA
325000,2,PA
400000,2,NY
400000,2,NY
400000,2,NY
400000,2,NY
400000,2,NY
800000,1,NJ
800000,1,NJ
425000,1,WA
275000,1,SC
325000,2,MD
325000,2,MD
325000,2,MD
325000,2,MD
325000,2,MD
275000,2,FL
275000,2,FL
275000,2,FL
275000,2,FL
275000,2,FL
275000,2,FL
275000,2,FL
275000,2,FL
275000,2,FL
275000,2,FL
275000,2,FL
275000,2,FL
275000,2,FL
275000,2,FL
275000,2,FL
275000,2,FL
275000,2,FL
275000,2,FL
275000,2,FL
275000,2,FL
275000,2,FL
275000,2,FL
275000,2,FL
275000,2,FL
275000,2,FL
275000,2,FL
275000,2,FL
275000,2,FL
275000,2,FL
275000,2,FL
275000,2,FL
275000,1,TX
700000,1,OR
700000,1,OR
140000,2,TX
140000,2,TX
140000,2,TX
350000,2,AZ
350000,2,AZ
550000,2,WA
550000,2,WA
550000,2,WA
550000,2,WA
550000,2,WA
550000,2,WA
550000,2,WA
550000,2,WA
450000,1,WA
275000,2,OR
275000,2,OR
95000,2,PA
95000,2,PA
95000,2,PA
95000,2,PA
95000,2,PA
700000,1,CA
700000,1,CA
70000,2,NY
70000,2,NY
70000,2,NY
70000,2,NY
400000,2,MA
400000,2,MA
400000,2,MA
400000,2,MA
400000,2,MA
400000,2,MA
400000,2,MA
400000,2,MA
400000,2,MA
400000,2,MA
400000,2,MA
400000,2,MA
400000,2,MA
400000,2,MA
400000,2,MA
400000,2,MA
400000,2,MA
400000,2,MA
1500000,2,NY
1500000,2,NY
1500000,2,NY
1500000,2,NY
1500000,2,NY
250000,1,MD
250000,1,MD
75000,2,OH
75000,2,OH
75000,2,OH
75000,2,OH
75000,2,OH
75000,2,OH
75000,2,OH
75000,2,OH
75000,2,OH
75000,2,OH
75000,2,OH
75000,2,OH
75000,2,OH
75000,2,OH
200000,1,PA
200000,1,PA
325000,1,GA
225000,2,FL
225000,1,FL
190000,2,NJ
190000,2,NJ
190000,2,NJ
130000,1,ME
450000,2,FL
325000,1,NJ
325000,1,NJ
750000,2,NY
750000,2,NY
750000,2,NY
750000,2,NY
750000,2,NY
750000,2,NY
750000,2,NY
750000,2,NY
750000,2,NY
750000,2,NY
750000,2,NY
350000,2,WI
350000,2,WI
400000,1,FL
75000,2,IL
75000,2,IL
475000,1,FL
135000,2,AL
135000,2,AL
135000,2,AL
135000,2,AL
135000,2,AL
425000,2,CA
425000,2,CA
425000,2,CA
425000,2,CA
425000,2,CA
550000,1,NJ
300000,1,WA
400000,2,AZ
400000,2,AZ
400000,2,AZ
400000,2,AZ
400000,2,AZ
500000,2,VA
700000,1,CO
850000,2,TX
850000,2,TX
225000,1,MA
250000,2,IN
250000,2,IN
250000,2,IN
250000,2,IN
250000,2,IN
170000,1,FL
120000,2,OH
120000,2,OH
120000,2,OH
300000,1,TX
500000,2,CA
500000,2,CA
500000,2,CA
500000,2,CA
500000,2,CA
500000,2,CA
500000,2,CA
500000,2,CA
500000,2,CA
500000,2,CA
500000,2,CA
500000,2,CA
500000,2,CA
500000,2,CA
500000,2,CA
500000,2,CA
500000,2,CA
500000,2,CA
500000,2,CA
500000,2,CA
500000,2,CA
500000,2,CA
500000,2,CA
500000,2,CA
500000,2,CA
500000,2,CA
500000,2,CA
500000,2,CA
500000,2,CA
500000,2,CA
500000,1,CA
500000,2,CA
500000,2,CA
500000,2,CA
500000,2,CA
500000,2,CA
500000,2,CA
500000,2,CA
500000,2,CA
500000,2,CA
500000,2,CA
500000,2,CA
500000,2,CA
500000,2,CA
500000,2,CA
500000,2,CA
500000,2,CA
500000,2,CA
500000,2,CA
500000,2,CA
500000,2,CA
500000,2,CA
500000,2,CA
500000,2,CA
500000,2,CA
500000,2,CA
500000,2,CA
500000,2,CA
500000,2,CA
500000,2,CA
500000,2,CA
500000,2,CA
500000,2,CA
500000,2,CA
500000,2,CA
500000,2,CA
500000,2,CA
90000,2,PA
130000,2,OH
130000,2,OH
130000,2,OH
130000,2,OH
130000,2,OH
350000,2,IL
275000,1,FL
300000,1,IA
600000,2,CA
550000,2,GA
550000,2,GA
550000,2,GA
130000,1,AL
275000,2,MD
275000,2,MA
275000,2,MA
400000,2,IL
400000,2,IL
80000,1,MI
90000,1,MI
90000,1,MI
850000,2,CA
190000,1,FL
190000,1,FL
400000,2,IL
400000,2,IL
400000,2,IL
400000,2,IL
400000,2,IL
2000000,2,CA
2000000,2,CA
2000000,2,CA
2000000,2,CA
2000000,2,CA
225000,2,OH
225000,2,CT
225000,2,CT
225000,2,CT
225000,2,CT
450000,1,CA
325000,2,NV
325000,2,NV
325000,2,NV
325000,2,NV
190000,2,FL
190000,2,FL
190000,2,FL
190000,2,FL
190000,2,FL
190000,2,FL
190000,2,FL
190000,2,FL
190000,2,FL
190000,2,FL
190000,2,FL
190000,2,FL
190000,2,FL
190000,2,FL
190000,2,FL
190000,2,FL
190000,2,FL
190000,2,FL
190000,2,FL
190000,2,FL
190000,2,FL
190000,2,FL
190000,2,FL
190000,2,FL
190000,2,FL
225000,1,FL
225000,2,FL
160000,1,OH
200000,1,FL
170000,1,OH
160000,1,AL
90000,1,AL
450000,1,GA
250000,1,FL
275000,1,KY
450000,1,FL
200000,1,CA
250000,1,FL
250000,1,TX
150000,1,GA
85000,1,MI
105000,1,OH
170000,1,FL
275000,1,OK
650000,1,NV
200000,1,AZ
170000,1,NC
180000,1,MI
160000,1,TX
200000,1,IL
160000,1,GA
160000,1,GA
160000,1,GA
250000,1,CT
135000,1,MS
200000,1,NC
190000,1,MA
150000,1,NC
225000,1,CT
800000,1,CA
400000,1,NJ
400000,1,NJ
125000,1,GA
225000,1,VA
550000,1,NJ
150000,1,OR
475000,1,CO
1000000,1,CO
1000000,1,CO
200000,1,NY
375000,1,FL
275000,1,CA
125000,1,CA
125000,1,KY
275000,1,MO
125000,1,TX
225000,1,PA
850000,1,NY
250000,1,GA
225000,1,NJ
1000000,1,TN
160000,1,NV
400000,1,NY
400000,1,WA
300000,1,IN
275000,1,TX
105000,1,IN
105000,1,IN
105000,1,IN
200000,1,CA
200000,1,CA
200000,1,CA
250000,1,MD
275000,1,VA
600000,1,TX
275000,1,AR
275000,1,AR
130000,1,TX
200000,1,MS
425000,1,KY
200000,1,NH
400000,1,NY
400000,1,NY
400000,1,NY
400000,1,NY
425000,1,TX
425000,1,TX
425000,1,TX
85000,1,PA
650000,1,ND
350000,1,PA
225000,1,FL
200000,1,AZ
200000,1,TX
200000,1,TX
600000,1,AZ
600000,1,AZ
600000,1,AZ
300000,1,NY
475000,1,PA
125000,1,VA
125000,1,VA
200000,1,CO
180000,1,FL
105000,1,PA
300000,1,WA
275000,1,AZ
375000,1,OR
425000,1,MA
200000,1,NJ
180000,1,TX
600000,1,MD
190000,1,TX
425000,1,CA
550000,1,OR
250000,1,VA
1500000,1,CA
1500000,1,CA
110000,1,MO
375000,1,PA
800000,1,CA
375000,1,NJ
105000,1,VA
300000,1,NC
300000,1,NC
200000,1,FL
200000,1,FL
200000,1,FL
350000,1,CA
350000,1,CA
275000,1,FL
500000,1,IL
475000,1,NV
2000000,1,FL
170000,1,GA
450000,1,VA
700000,1,CA
300000,1,LA
400000,1,VA
400000,1,VA
200000,1,TX
160000,1,LA
200000,1,AZ
550000,1,CA
300000,1,IL
250000,1,OK
250000,1,OK
115000,1,MO
1000000,1,CA
1000000,1,CA
105000,1,AL
105000,1,AL
105000,1,AL
900000,1,NJ
900000,1,NJ
160000,1,AK
150000,1,HI
200000,1,SD
300000,1,SC
350000,1,NJ
350000,1,NY
450000,1,CA
160000,1,GA
120000,1,NC
120000,1,NC
600000,1,CA
150000,1,TX
100000,1,NC
375000,1,MA
75000,1,NY
325000,1,NY
425000,1,CA
300000,1,OH
375000,1,PA
750000,1,CA
750000,1,CA
500000,1,CA
2000000,1,CA
110000,1,GA
450000,1,NY
900000,1,CA
250000,1,OR
250000,1,OR
375000,1,WI
200000,1,MI
550000,1,CA
475000,1,CO
250000,1,MN
750000,1,WA
450000,1,TX
450000,1,TX
450000,1,CA
300000,1,WA
275000,1,AZ
450000,1,IL
200000,1,AZ
200000,1,AZ
325000,1,FL
70000,1,NC
275000,1,MO
300000,1,FL
200000,1,PA
125000,1,FL
125000,1,FL
275000,1,PA
325000,1,GA
250000,1,CA
180000,1,GA
800000,1,MA
200000,1,LA
500000,1,ME
500000,1,FL
150000,1,MO
150000,1,FL
150000,1,FL
225000,1,TX
300000,1,AZ
105000,1,NC
160000,1,SC
60000,1,NY
120000,1,MN
225000,1,GA
115000,1,NC
190000,1,FL
225000,1,TX
225000,1,TX
225000,1,TX
225000,1,FL
200000,1,NJ
140000,1,NV
450000,1,SC
275000,1,UT
275000,1,UT
160000,1,TN
375000,1,CA
450000,1,TX
125000,1,CA
700000,1,CA
700000,1,CA
225000,1,FL
170000,1,WI
85000,1,PA
110000,1,AZ
475000,1,WA
100000,1,MD
550000,1,CO
550000,1,CO
275000,1,TN
275000,1,LA
160000,1,SC
1000000,1,CA
1000000,1,CA
2000000,1,CA
375000,1,CA
275000,1,FL
160000,1,MI
750000,1,CA
750000,1,CA
275000,1,IN
160000,1,NY
180000,1,NC
900000,1,WA
325000,1,FL
150000,1,MI
475000,1,WA
225000,1,CA
700000,1,TX
170000,1,GA
80000,1,FL
800000,1,IL
800000,1,IL
550000,1,CO
125000,1,IN
550000,1,IL
550000,1,IL
550000,1,IL
500000,1,NY
90000,1,OK
300000,1,CO
300000,1,CO
600000,1,CO
200000,1,OH
100000,1,PA
100000,1,PA
100000,1,PA
1500000,1,CO
200000,1,MD
180000,1,LA
200000,1,MT
375000,1,CO
225000,1,TX
225000,1,TX
350000,1,CO
400000,1,WI
1500000,1,WA
550000,1,CA
135000,1,CA
250000,1,NC
250000,1,NC
250000,1,NC
250000,1,NC
450000,1,KY
450000,1,KY
325000,1,AZ
325000,1,AZ
325000,1,AZ
350000,1,NC
65000,1,NC
300000,1,NJ
325000,1,FL
275000,1,TX
850000,1,CA
250000,1,MA
160000,1,WY
350000,1,MO
180000,1,OH
180000,1,OH
180000,1,OH
180000,1,OH
200000,1,WA
1000000,1,DC
135000,1,TX
200000,1,TX
200000,1,FL
425000,1,IL
250000,1,OH
200000,1,NC
650000,1,MN
950000,1,AL
325000,1,MD
375000,1,FL
600000,1,DC
600000,1,DC
600000,1,DC
600000,1,DC
150000,1,MN
350000,1,IL
80000,1,NC
140000,1,NC
1500000,1,CA
425000,1,MA
350000,1,IL
600000,1,NC
300000,1,GA
300000,1,GA
300000,1,GA
300000,1,GA
170000,1,TX
170000,1,TN
250000,1,TX
250000,1,FL
115000,1,TX
115000,1,TX
275000,1,FL
800000,1,TX
350000,1,TX
475000,1,MD
475000,1,MD
170000,1,TX
130000,1,SC
300000,1,MI
300000,1,MI
350000,1,IL
350000,1,CA
250000,1,CA
150000,1,MI
100000,1,KY
300000,1,CA
375000,1,VA
130000,1,NC
190000,1,KY
350000,1,IN
350000,1,IN
350000,1,IN
200000,1,OH
225000,1,GA
200000,1,CA
115000,1,TX
115000,1,TX
300000,1,GA
140000,1,VA
250000,1,NE
400000,1,DE
170000,1,FL
300000,1,SC
250000,1,OK
200000,1,NY
200000,1,NY
60000,1,PA
475000,1,IL
450000,1,NJ
350000,1,TX
750000,1,UT
325000,1,KS
275000,1,FL
225000,1,NY
140000,1,NC
150000,1,PA
325000,1,PA
325000,1,PA
650000,1,FL
325000,1,CA
325000,1,CA
200000,1,MI
120000,1,KS
600000,1,CA
600000,1,CA
750000,1,CA
225000,1,TN
350000,1,CA
450000,1,NC
450000,1,NC
150000,1,FL
425000,1,MA
190000,1,FL
500000,1,TX
750000,1,WA
300000,1,UT
300000,1,UT
150000,1,TN
60000,1,AL
80000,1,SC
275000,1,FL
325000,1,OH
125000,1,LA
150000,1,OK
150000,1,NC
1500000,1,MD
125000,1,NC
200000,1,PA
110000,1,OH
190000,1,FL
115000,1,NE
200000,1,FL
300000,1,NV
115000,1,TX
225000,1,NJ
200000,1,MI
200000,1,MI
200000,1,MI
850000,1,NV
850000,1,NV
850000,1,NV
180000,1,FL
170000,1,NE
140000,1,SC
300000,1,PA
300000,1,PA
300000,1,PA
300000,1,PA
550000,1,CA
250000,1,NY
425000,1,CO
550000,1,NV
425000,1,CA
425000,1,CA
150000,1,MI
200000,1,TX
200000,1,TX
200000,1,TX
130000,1,KS
475000,1,CA
300000,1,FL
100000,1,FL
275000,1,AZ
0,1,OR
250000,1,PA
425000,1,MA
0,1,MA
0,1,MI
0,1,MI
0,1,IN
0,1,WV
0,1,FL
125000,1,GA
110000,1,WV
110000,1,WV
0,1,OH
0,1,NC
0,1,MS
0,1,MI
300000,1,AZ
0,1,SC
0,1,GA
0,1,GA
0,1,TN
0,1,NY
0,1,NY
0,1,TX
180000,1,AZ
130000,1,AZ
0,1,PA
0,1,TN
0,1,TX
200000,1,NJ
275000,1,FL
135000,1,NY
0,1,MI
0,1,MI
0,1,GA
0,1,GA
0,1,FL
0,1,WI
375000,1,NV
400000,1,CA
0,1,IN
0,1,AR
0,1,TX
0,1,TX
0,1,TX
160000,1,CO
0,1,CA
0,1,GA
60000,1,OH
0,1,MD
0,1,FL
0,1,AK
0,1,MD
170000,1,FL
850000,1,MA
0,1,OH
180000,1,NC
200000,1,CA
200000,1,CA
200000,1,CA
200000,1,CA
200000,1,CA
0,1,PA
0,1,VA
0,1,FL
0,1,PA
0,1,PA
120000,1,NJ
140000,1,VT
0,1,AZ
0,1,TX
0,1,SC
0,1,IA
0,1,FL
0,1,NY
0,1,WI
110000,1,NC
0,1,FL
0,1,TX
700000,1,CA
400000,1,CA
400000,1,CA
400000,1,CA
400000,1,CA
400000,1,CA
0,1,NJ
275000,1,OR
0,1,LA
0,1,TX
0,1,TX
0,1,MI
180000,1,LA
1000000,1,MA
0,1,NJ
0,1,OH
0,1,KY
0,1,GA
0,1,LA
160000,1,OH
0,1,OH
0,1,FL
0,1,NY
0,1,OR
0,1,KY
0,1,TX
200000,1,TN
200000,1,NJ
160000,1,NJ
650000,1,CA
700000,1,CA
0,1,TX
300000,1,MO
300000,1,MO
0,1,FL
0,1,FL
450000,1,OR
0,1,MI
1000000,1,DC
850000,1,CA
0,1,MO
0,1,MO
110000,1,MI
150000,1,NJ
650000,1,FL
0,1,OR
0,1,TX
200000,1,PA
0,1,CA
0,1,CA
0,1,NC
0,1,NC
250000,1,TX
250000,1,TX
250000,1,TX
250000,1,TX
425000,1,TX
0,1,MN
0,1,MN
700000,1,CA
0,1,TX
0,1,TX
0,1,WA
0,1,WA
0,1,FL
0,1,CO
0,1,IN
160000,1,ND
0,1,OH
0,1,OH
275000,1,TX
0,1,PA
100000,1,TN
800000,1,NY
600000,1,FL
0,1,AZ
150000,1,VA
150000,1,VA
140000,1,MD
140000,1,MD
120000,1,MN
0,1,OH
0,1,CA
0,1,CA
0,1,WA
0,1,TX
0,1,NC
150000,1,NC
500000,1,CA
0,1,VA
60000,0,VA
425000,1,OR
0,1,FL
0,1,AZ
1500000,1,CA
375000,1,ID
60000,1,MI
60000,1,MI
130000,1,GA
0,1,WI
325000,1,VA
0,1,IN
0,1,IN
0,1,CO
170000,1,IL
0,1,LA
0,1,TN
140000,1,VA
140000,1,VA
275000,1,FL
275000,1,FL
115000,1,FL
65000,1,FL
0,1,NC
250000,1,AR
250000,1,AR
0,1,SC
750000,1,IL
0,1,UT
130000,1,FL
130000,1,MO
0,1,FL
0,1,TX
0,1,NY
0,1,IL
250000,1,OH
0,1,TX
850000,1,CO
0,1,FL
550000,1,GA
0,1,OH
225000,1,TX
0,1,NY
180000,1,GA
800000,1,CA
225000,1,NC
110000,1,OH
110000,1,OH
225000,1,MO
750000,1,CA
750000,1,CA
425000,1,CA
250000,1,KY
0,1,MI
0,1,TX
1500000,1,CA
1500000,1,CA
0,1,PA
0,1,CT
0,1,MI
475000,1,NV
0,1,NJ
0,1,NY
0,1,NY
0,1,NY
0,1,KS
0,1,NV
125000,1,WI
0,0,CA
0,1,CA
1500000,0,CA
275000,1,CA
275000,1,CA
0,1,MN
250000,1,FL
0,1,FL
0,1,MA
0,1,VA
0,1,MO
0,0,FL
0,1,CA
0,1,NY
180000,1,NC
0,1,MD
200000,1,FL
0,1,GA
85000,1,FL
650000,1,NJ
0,1,TX
0,1,PA
0,1,OH
125000,1,TX
300000,1,NC
350000,1,VA
0,1,KS
0,1,CA
0,1,CA
0,1,CA
0,1,LA
0,1,FL
2000000,1,CA
0,1,TX
170000,1,KY
0,1,WA
160000,1,TX
0,1,IL
115000,1,TX
115000,1,TX
0,1,NC
0,1,NC
0,1,MI
0,1,OH
0,1,FL
0,1,FL
0,1,TX
0,1,GA
0,1,IA
170000,1,LA
0,1,GA
0,1,TX
0,0,OR
275000,1,CA
225000,1,GA
150000,1,WI
150000,1,WI
0,1,CA
200000,1,WA
0,1,FL
0,1,MD
0,1,MN
250000,1,MI
250000,1,MI
0,1,NC
0,1,TX
0,1,MO
0,1,MO
0,1,FL
0,1,WA
0,1,MN
0,1,WI
150000,1,GA
0,1,TX
0,1,FL
0,1,FL
375000,1,KY
150000,1,SC
125000,1,TN
325000,1,NC
225000,1,PA
250000,1,FL
0,1,TX
600000,1,CA
0,1,AL
60000,1,OH
0,1,WA
1500000,1,NY
0,1,OH
0,1,OH
325000,1,AZ
250000,1,TX
200000,1,MA
375000,1,IL
180000,1,IN
200000,1,SC
0,1,IL
300000,1,CA
0,1,CO
0,1,CA
0,1,OH
0,1,OK
0,1,HI
0,1,MN
115000,1,SC
0,0,NY
0,1,AZ
0,1,NC
0,1,NC
200000,1,MI
0,1,FL
0,1,NV
200000,1,SD
325000,1,NJ
0,1,FL
0,1,DE
190000,1,KS
0,1,CT
130000,1,FL
0,1,TN
0,1,MO
0,1,MO
0,1,WV
275000,1,NY
170000,1,SC
0,1,AZ
0,1,OH
0,1,TX
0,1,GA
0,1,NC
0,1,FL
140000,1,NC
0,1,FL
0,1,FL
0,1,TN
650000,1,NY
0,1,MO
190000,1,SC
0,1,FL
0,1,AZ
0,1,PA
0,1,NY
200000,1,OR
400000,1,TX
650000,1,VA
0,1,FL
0,1,MI
425000,1,NJ
700000,1,CA
700000,1,CA
700000,1,CA
700000,1,CA
700000,1,CA
600000,1,CA
600000,1,CA
0,1,IL
200000,1,OH
325000,1,CA
60000,1,FL
475000,1,CA
0,1,PA
0,1,OH
0,1,GA
0,1,IL
0,1,IA
100000,1,MI
150000,1,MI
900000,1,NC
900000,1,NC
0,1,GA
250000,1,GA
250000,1,GA
0,1,TX
0,1,TX
0,1,NV
200000,1,NM
300000,1,NV
300000,1,NV
300000,1,NV
300000,1,NV
300000,1,NV
0,1,TX
0,1,OH
0,1,MI
200000,1,MA
0,1,FL
0,1,CA
0,1,VA
0,1,TX
0,1,OH
0,1,CA
325000,1,CA
0,1,FL
0,1,FL
0,1,CA
0,1,TX
0,1,TN
250000,1,FL
95000,1,MI
425000,1,TX
0,1,NC
0,1,WV
0,1,CA
0,1,VA
0,1,SC
650000,1,NY
130000,1,NC
200000,1,AZ
225000,1,MS
0,1,NC
0,1,TN
0,1,VA
0,1,IL
275000,1,NH
425000,1,MN
225000,1,NC
375000,1,TX
125000,1,TX
1000000,1,OH
0,1,FL
65000,1,TN
0,1,CT
0,1,OH
425000,1,CA
0,1,TX
0,1,TX
0,1,PA
0,1,CA
200000,1,NC
325000,1,NV
400000,1,TN
0,1,NY
0,1,CA
0,1,OH
0,1,FL
275000,1,NC
0,1,OH
0,1,MO
0,1,IN
600000,1,MA
0,1,AZ
0,1,AZ
700000,1,CA
120000,1,NM
0,1,MD
0,1,ID
0,1,TX
275000,1,CO
0,1,CA
0,1,TN
250000,1,IL
375000,1,NC
0,1,WA
0,1,WA
800000,1,CA
950000,1,CA
0,1,CO
0,1,NC
0,1,NY
0,1,IL
130000,1,GA
0,1,TX
0,1,IL
0,1,OK
200000,1,AR
95000,1,KY
0,1,TX
0,1,MA
0,1,FL
0,1,NC
0,1,TX
350000,1,MO
0,1,MI
0,1,NC
0,1,WA
0,1,WA
130000,1,FL
0,1,CO
160000,1,NC
0,1,VA
2000000,1,CA
2000000,1,CA
0,1,OH
0,1,OH
250000,1,MD
0,1,KY
90000,1,TN
400000,1,MA
400000,1,MA
0,1,PA
0,1,NY
0,1,SC
0,1,NJ
350000,1,TX
0,1,PA
135000,1,IL
0,1,OK
275000,1,KY
60000,1,NM
250000,1,TX
400000,1,MA
0,1,OR
0,1,TN
0,1,CA
0,1,MI
160000,1,KS
225000,1,TX
0,1,FL
0,1,CA
0,1,WA
900000,1,NJ
1500000,1,CA
1500000,1,CA
475000,1,NJ
130000,1,MO
0,1,NY
115000,1,TX
0,1,LA
190000,1,MO
0,1,MO
800000,1,VA
250000,1,TX
250000,1,TX
300000,1,MI
275000,1,FL
450000,1,NY
475000,1,TX
475000,1,TX
0,1,TX
1000000,1,TN
160000,1,MI
0,1,NM
200000,1,OK
0,1,TX
0,1,FL
0,1,TN
170000,1,NM
1000000,1,CA
900000,1,FL
0,1,OH
0,1,DE
95000,1,OH
1500000,1,CA
0,1,GA
0,1,LA
0,1,TX
80000,1,TX
0,1,TX
0,1,AL
0,1,TX
0,1,NY
0,1,PA
0,1,CA
0,1,CA
550000,1,OR
250000,1,CA
0,1,OK
2000000,1,NC
0,1,VA
0,1,NE
750000,1,NJ
0,1,PA
250000,1,IN
0,1,TX
125000,1,TN
0,1,AL
0,1,FL
1500000,1,CA
160000,1,KY
0,1,CA
250000,1,NC
250000,1,NC
0,1,FL
325000,1,NJ
1500000,1,CA
100000,1,IN
200000,1,AZ
0,1,MN
0,1,TX
250000,1,TX
190000,1,CO
0,1,NY
500000,1,MA
125000,1,IN
95000,1,KS
850000,1,CA
85000,1,LA
400000,1,DE
700000,1,CA
300000,1,DE
300000,1,DE
300000,1,DE
300000,1,DE
170000,1,WV
110000,1,TX
100000,1,NC
250000,1,KY
250000,1,KY
275000,1,MN
275000,1,MN
275000,1,MN
275000,1,MN
2000000,1,CA
300000,1,GA
300000,1,GA
200000,1,AK
1000000,1,CA
170000,1,IN
2000000,1,CA
2000000,1,CA
2000000,1,CA
2000000,1,CA
850000,1,CA
225000,1,AR
250000,1,CA
350000,1,NV
135000,1,OH
150000,1,AL
150000,1,MO
300000,1,NJ
300000,1,NJ
300000,1,NJ
300000,1,NJ
300000,1,NJ
125000,1,GA
95000,1,TX
180000,1,TX
150000,1,OH
350000,1,TX
350000,1,TX
350000,1,TX
350000,1,TX
350000,1,TX
1500000,1,CA
1500000,1,CA
250000,1,NC
500000,1,CA
225000,1,GA
225000,1,GA
600000,1,CA
1500000,1,CA
1500000,1,HI
90000,1,TX
130000,1,MI
350000,1,PA
250000,1,CO
65000,1,IL
200000,1,KS
450000,1,CA
250000,1,IN
180000,1,TN
650000,1,CA
800000,1,CA
115000,1,WV
180000,1,TX
250000,1,TX
160000,1,AR
225000,1,RI
225000,1,RI
225000,1,RI
475000,1,FL
475000,1,FL
95000,1,VA
200000,1,FL
300000,1,WI
170000,1,MI
400000,1,FL
300000,1,IL
200000,1,NJ
225000,1,GA
225000,1,GA
80000,1,FL
300000,1,WI
475000,1,CA
250000,1,TX
225000,1,GA
400000,1,OR
250000,1,IL
250000,1,IL
375000,1,IL
700000,1,CA
325000,1,TX
275000,1,ID
170000,1,CA
425000,1,CA
115000,1,TX
180000,1,TX
135000,1,TX
160000,1,ID
170000,1,FL
250000,1,NH
130000,1,TN
170000,1,FL
200000,1,FL
250000,1,WA
250000,1,OH
250000,1,OH
170000,1,TX
325000,1,VA
550000,1,CO
200000,1,PA
225000,1,TX
225000,1,NV
400000,1,WA
150000,1,PA
150000,1,PA
325000,1,TX
325000,1,OR
200000,1,MO
850000,1,WA
275000,1,UT
160000,1,CA
160000,1,CA
160000,1,CA
325000,1,TX
140000,1,CO
450000,1,OR
450000,1,OR
300000,1,SC
300000,1,SC
650000,1,CA
400000,1,CA
1500000,1,VA
1000000,1,WA
350000,1,OH
300000,1,CA
225000,1,DE
225000,1,DE
375000,1,KY
275000,1,IL
400000,1,TX
400000,1,TX
850000,1,CA
850000,1,CA
300000,1,MI
200000,1,FL
60000,1,TX
150000,1,MI
150000,1,MI
85000,1,MI
400000,1,OH
225000,1,TX
900000,1,CA
250000,1,TN
60000,1,MA
60000,1,MA
125000,1,CO
180000,1,VA
500000,1,NJ
500000,1,NJ
110000,1,MI
200000,1,TX
1000000,1,CA
900000,1,CA
900000,1,CA
170000,1,TX
400000,1,WI
200000,1,MO
180000,1,MD
130000,1,ME
425000,1,OH
550000,1,DC
85000,1,NC
85000,1,NC
375000,0,TX
275000,1,TX
275000,1,GA
275000,1,GA
90000,1,IL
90000,1,IL
400000,1,FL
400000,1,FL
85000,1,IN
1500000,1,NY
170000,1,MI
60000,1,WA
60000,1,WA
425000,1,MA
400000,1,GA
150000,1,MI
475000,1,DC
350000,1,CA
250000,1,VA
250000,1,VA
300000,1,CA
300000,1,CA
300000,1,CA
300000,1,CA
95000,1,NY
95000,1,NY
200000,1,OH
60000,1,IN
160000,1,SC
900000,1,CA
275000,1,AZ
275000,1,AZ
275000,1,WI
180000,1,MO
180000,1,MO
120000,1,KY
600000,1,NV
400000,1,CA
400000,1,FL
400000,1,FL
800000,1,MO
60000,1,IN
60000,1,IN
650000,1,CA
650000,1,CA
650000,1,CA
75000,1,TX
105000,1,IN
120000,1,IN
120000,1,IN
160000,1,FL
160000,1,FL
170000,1,IN
300000,1,PA
200000,1,TX
190000,1,TX
190000,1,TX
600000,1,MA
150000,0,GA
150000,1,GA
150000,1,GA
150000,1,GA
325000,1,VA
325000,1,VA
275000,1,KY
325000,1,NH
550000,1,CA
550000,1,CA
350000,1,AK
300000,1,FL
275000,1,NJ
275000,1,NJ
275000,1,MD
225000,1,TN
200000,1,LA
325000,1,VA
250000,1,TX
180000,1,CA
180000,1,TX
225000,1,CT
250000,1,NJ
250000,1,NJ
225000,1,CT
170000,1,OH
750000,1,CA
105000,1,NJ
350000,1,MA
275000,1,SC
200000,1,CA
750000,1,WA
375000,1,CO
375000,1,CO
800000,1,CA
250000,1,OH
250000,1,OH
170000,1,GA
130000,1,TX
130000,1,TX
325000,1,SC
200000,1,NJ
650000,1,CA
190000,1,TX
300000,1,MI
300000,1,MI
350000,1,VT
250000,1,FL
250000,1,FL
250000,1,FL
250000,1,FL
250000,1,FL
250000,1,FL
475000,1,MI
325000,1,NC
350000,1,LA
225000,1,CA
250000,1,AR
300000,1,LA
250000,1,CT
85000,1,MI
500000,1,TX
150000,1,AZ
900000,1,NH
90000,1,IL
375000,1,MA
95000,1,TX
350000,1,TX
300000,0,CT
500000,1,CA
225000,1,IL
160000,1,NJ
350000,1,IL
550000,1,FL
110000,1,WA
140000,1,GA
600000,1,MA
1500000,1,HI
600000,1,MA
850000,1,CA
300000,1,MI
425000,1,CO
325000,1,MT
200000,1,CA
125000,1,OK
125000,1,OK
180000,1,AZ
450000,1,IN
150000,1,CA
250000,1,CA
250000,1,FL
700000,1,WA
375000,1,MA
130000,1,IL
275000,1,UT
275000,1,UT
180000,1,FL
150000,1,NC
400000,1,IL
150000,1,MI
950000,1,CA
950000,1,CA
950000,1,CA
950000,1,CA
160000,1,OH
225000,1,MD
90000,1,NY
115000,1,NC
200000,1,OR
200000,1,OR
200000,1,OR
200000,1,OR
200000,1,OR
200000,1,OR
200000,1,OR
110000,1,NJ
130000,1,IL
190000,1,TX
325000,1,AL
425000,1,NY
85000,1,OK
120000,1,OH
60000,1,TX
130000,1,IN
300000,1,CA
300000,1,CA
200000,1,AZ
150000,1,OH
150000,1,OH
325000,1,FL
75000,1,TX
250000,1,FL
150000,1,NV
425000,1,FL
190000,1,MI
450000,1,TX
200000,1,CA
225000,1,CA
700000,1,CA
80000,1,KS
160000,1,MD
200000,1,NJ
375000,1,AR
180000,1,WV
160000,1,CT
75000,1,MN
200000,1,OH
300000,1,TN
200000,1,DE
140000,1,OH
350000,1,MN
350000,1,MN
350000,1,MN
350000,1,MN
350000,1,MN
350000,1,MN
200000,1,CA
150000,1,TX
200000,1,FL
200000,1,FL
200000,1,FL
200000,1,FL
200000,1,FL
180000,1,GA
180000,1,GA
200000,1,MO
300000,1,MA
450000,1,GA
225000,1,FL
120000,1,MT
225000,1,FL
225000,1,FL
250000,1,TX
375000,1,CA
375000,1,FL
85000,1,TX
125000,1,NC
130000,1,NC
130000,1,NC
105000,1,LA
200000,1,NC
300000,1,WV
200000,1,WV
200000,1,WV
2000000,1,CA
200000,1,TX
115000,1,ME
200000,1,GA
500000,1,OR
275000,1,NC
275000,1,NC
275000,1,NC
275000,1,NC
2000000,1,CA
225000,1,LA
1500000,1,NY
400000,1,FL
800000,1,VA
475000,1,CA
550000,1,CA
550000,1,CA
225000,1,FL
200000,1,NC
200000,1,NC
60000,1,IN
250000,1,OH
450000,1,CO
325000,1,AK
75000,1,FL
90000,1,AL
60000,1,TX
275000,1,PA
200000,1,IN
500000,1,CA
400000,1,UT
550000,1,CA
550000,1,CA
550000,1,CA
550000,1,CA
550000,1,CA
550000,1,CA
550000,1,CA
550000,1,CA
550000,1,CA
550000,1,CA
550000,1,CA
550000,1,CA
550000,1,CA
550000,1,CA
550000,1,CA
550000,1,CA
200000,1,TX
225000,1,IL
200000,1,NC
180000,1,TX
110000,1,NC
140000,1,KY
300000,1,CA
275000,1,TX
300000,1,CA
800000,1,CA
250000,1,MI
190000,1,CT
1500000,1,NC
350000,1,CA
190000,1,FL
2000000,1,WA
2000000,1,WA
200000,1,FL
170000,1,AZ
170000,1,AZ
300000,1,PA
850000,1,FL
200000,1,CA
100000,1,TX
160000,1,NC
115000,1,TX
325000,1,MD
200000,1,OK
200000,1,MN
120000,1,MI
600000,1,GA
80000,1,KY
225000,1,TN
90000,1,TX
700000,1,CA
350000,1,NJ
105000,1,TN
275000,1,OH
225000,1,IL
95000,1,GA
250000,1,AR
190000,1,FL
135000,1,PA
150000,1,SD
275000,1,TX
450000,1,IN
150000,1,TN
200000,1,SC
200000,1,SC
200000,1,SC
200000,1,SC
250000,1,LA
250000,1,LA
300000,1,CA
300000,1,NJ
425000,1,CA
325000,1,MD
250000,1,CT
250000,1,CT
950000,1,MA
300000,1,FL
200000,1,MS
65000,1,MI
275000,1,OR
225000,1,VA
325000,1,FL
250000,1,CT
150000,1,VA
325000,1,NC
450000,1,GA
600000,1,MA
600000,1,CA
650000,1,VA
800000,1,NJ
200000,1,FL
200000,1,FL
600000,1,NY
170000,1,TX
180000,1,IL
190000,1,VA
275000,1,CO
600000,1,CA
325000,1,UT
275000,1,MA
325000,1,VA
400000,1,NJ
950000,1,NY
325000,1,CA
300000,1,MS
350000,1,NJ
300000,1,IN
300000,1,FL
140000,1,WI
200000,1,CT
200000,1,CT
225000,1,AR
180000,1,GA
250000,1,MI
250000,1,MI
250000,1,MI
250000,1,RI
95000,1,LA
300000,1,CA
200000,1,FL
400000,1,NC
700000,1,VA
425000,1,MD
135000,1,TX
400000,1,TX
140000,1,TN
170000,1,OH
140000,1,MS
275000,1,MA
275000,1,MA
275000,1,MA
225000,1,NJ
300000,1,IL
300000,1,PA
225000,1,UT
275000,1,AL
275000,1,AL
70000,1,TX
700000,1,NJ
125000,1,TN
600000,1,CA
180000,1,NJ
275000,1,TX
125000,1,CA
275000,1,TX
425000,1,IA
425000,1,IA
425000,1,IA
425000,1,IA
275000,1,GA
275000,1,GA
275000,1,MI
200000,1,GA
90000,1,OH
180000,1,PA
475000,1,OR
475000,1,CA
200000,1,WA
300000,1,CA
200000,1,VA
225000,1,TX
300000,1,TX
1500000,1,CA
425000,1,TX
160000,1,TX
450000,1,OR
200000,1,OR
250000,1,CT
250000,1,IL
225000,1,CO
850000,1,NY
1500000,1,GA
200000,1,MS
250000,1,FL
65000,1,IN
190000,1,CA
225000,1,MS
180000,1,IN
700000,1,CA
750000,1,MO
600000,1,TX
140000,1,TX
600000,1,CA
300000,1,GA
550000,1,IL
140000,1,NM
850000,1,WA
225000,1,TX
75000,1,OH
160000,1,OH
160000,1,OH
105000,1,AZ
100000,1,IA
1500000,1,IL
275000,1,NH
275000,1,DE
200000,1,TX
750000,1,WA
200000,1,TX
350000,1,WA
550000,1,WA
250000,1,NV
250000,1,NV
250000,1,NV
250000,1,NV
180000,1,TN
425000,1,CA
200000,1,IL
300000,1,DE
275000,1,MA
300000,1,TN
85000,1,TX
450000,1,NC
850000,1,CA
200000,1,AR
135000,1,FL
225000,1,OH
200000,1,TX
225000,1,MA
275000,1,NE
350000,1,CA
350000,1,CA
450000,1,NJ
200000,1,CA
200000,1,CA
200000,1,CA
200000,1,CA
75000,1,TN
80000,1,OH
400000,1,WA
275000,1,AZ
325000,1,CA
325000,1,CA
160000,1,MD
275000,1,TX
375000,1,AZ
325000,1,MD
750000,1,CT
300000,1,OH
140000,1,AZ
140000,1,AZ
140000,1,AZ
200000,1,NC
425000,1,NC
425000,1,NC
425000,1,NC
200000,1,NC
200000,1,NC
200000,1,NC
200000,1,NC
650000,1,NC
65000,1,NC
300000,1,CA
300000,1,CA
130000,1,SC
325000,1,MO
200000,1,IL
300000,1,NC
250000,1,FL
250000,1,UT
160000,1,ME
700000,1,CA
85000,1,AL
600000,1,FL
200000,1,WA
200000,1,WA
250000,1,MI
130000,1,TX
700000,1,CA
300000,1,WA
300000,1,WA
200000,1,AR
350000,1,MN
475000,1,PA
90000,1,KY
850000,1,CA
850000,1,CA
850000,1,CA
250000,1,CA
200000,1,MN
200000,1,MN
650000,1,AR
225000,1,PR
225000,1,PR
225000,1,FL
475000,1,CA
500000,1,VA
135000,1,OH
550000,1,RI
850000,1,PA
275000,1,NY
2000000,1,AZ
425000,1,CA
250000,1,TN
450000,1,VA
60000,1,NM
300000,1,MN
375000,1,FL
475000,1,WA
800000,1,CA
170000,1,GA
375000,1,NC
225000,1,NH
135000,1,GA
700000,1,VA
700000,1,VA
160000,1,FL
475000,1,NY
85000,1,NH
125000,1,NC
150000,1,FL
180000,1,TX
350000,1,MT
350000,1,MT
800000,1,CA
250000,1,TX
250000,1,TX
200000,1,IL
200000,1,VT
200000,1,VT
350000,1,CA
125000,1,OH
160000,1,NY
200000,1,NC
200000,1,NC
250000,1,TX
170000,1,MD
1000000,1,MD
225000,1,MO
300000,1,PA
300000,1,PA
1500000,1,CA
250000,1,NC
250000,1,NC
250000,1,NC
250000,1,NC
250000,1,NC
550000,1,IL
350000,1,NC
425000,1,UT
160000,1,TX
160000,1,TX
325000,1,WA
170000,1,PA
170000,1,PA
325000,1,MD
225000,1,CA
400000,1,PA
450000,1,MA
60000,1,OH
425000,1,VA
130000,1,NY
120000,1,TX
700000,1,NY
300000,1,NJ
275000,1,NV
700000,1,CA
550000,1,FL
125000,1,IL
375000,1,VA
250000,1,FL
250000,1,FL
105000,1,TN
350000,1,LA
170000,1,NC
125000,1,LA
80000,1,IN
325000,1,OH
325000,1,OH
325000,1,OH
325000,1,OH
325000,1,OH
225000,1,FL
650000,1,UT
650000,1,UT
125000,1,PA
400000,1,NJ
750000,1,RI
120000,1,NC
250000,1,SC
160000,1,MI
375000,1,AR
375000,1,AR
375000,1,CA
130000,1,FL
450000,1,NY
350000,1,NJ
700000,1,NJ
275000,1,NY
325000,1,NC
1500000,1,CA
225000,1,NJ
375000,1,TX
375000,1,TX
275000,1,TX
275000,1,TX
140000,1,FL
225000,1,UT
180000,1,TX
250000,1,MO
200000,1,CA
200000,1,CA
250000,1,FL
115000,1,PA
2000000,1,TN
2000000,1,TN
2000000,1,TN
2000000,1,TN
200000,1,NY
700000,1,FL
200000,1,IL
450000,1,CA
130000,1,WY
85000,1,MO
250000,1,MN
450000,1,CA
375000,1,MI
200000,1,FL
170000,1,TX
150000,1,MS
275000,1,OR
275000,1,AZ
275000,1,AZ
200000,1,CO
135000,1,NY
375000,1,NJ
375000,1,NJ
400000,1,KS
250000,1,LA
200000,1,TX
180000,1,MI
225000,1,FL
275000,1,OR
475000,1,NY
300000,1,VA
140000,1,ID
550000,1,OK
325000,1,MI
350000,1,VA
85000,1,OH
750000,1,CA
375000,1,FL
325000,1,OH
300000,1,MA
300000,1,MA
110000,1,IL
250000,1,CO
250000,1,MD
100000,1,NJ
450000,1,CA
250000,1,NM
200000,1,TX
140000,1,TX
225000,1,NH
275000,1,NY
225000,1,CO
225000,1,CO
225000,1,CO
190000,1,NY
400000,1,PA
450000,1,CA
275000,1,FL
650000,1,CA
250000,1,FL
425000,1,FL
225000,1,WA
100000,1,PA
450000,1,VA
325000,1,TX
325000,1,TX
325000,1,TX
125000,1,TX
250000,1,WV
450000,1,WV
120000,1,OH
275000,1,TX
500000,1,CA
300000,1,NC
300000,1,NC
160000,1,SC
170000,1,MO
300000,1,CO
160000,1,NH
150000,1,AL
550000,1,NC
800000,1,CA
350000,1,NV
550000,1,NJ
600000,1,CA
135000,1,WA
375000,1,TX
750000,1,WA
400000,1,FL
450000,1,OH
275000,1,FL
160000,1,IN
275000,1,NM
170000,1,NJ
250000,1,FL
150000,1,PA
150000,1,PA
130000,1,OH
200000,1,GA
425000,1,WA
95000,1,AL
275000,1,CT
550000,1,PA
500000,1,CA
650000,1,DE
160000,1,OH
275000,1,TX
250000,1,VA
550000,1,CA
225000,1,NC
200000,1,FL
160000,1,TX
200000,1,FL
200000,1,FL
200000,1,MN
200000,1,MN
475000,1,CA
300000,1,MD
170000,1,AZ
170000,1,AZ
200000,1,MI
225000,1,FL
120000,1,NJ
250000,1,OH
325000,1,PA
350000,1,HI
1000000,1,CA
170000,1,AR
85000,1,NC
225000,1,AZ
200000,1,NC
300000,1,MD
275000,1,MA
475000,1,GA
425000,1,FL
60000,1,NC
60000,1,NC
300000,1,NC
275000,1,CT
275000,1,CT
200000,1,CA
135000,1,NJ
650000,1,NJ
85000,1,KS
350000,1,MN
325000,1,FL
325000,1,CA
325000,1,CA
325000,1,CA
800000,1,OR
800000,1,OR
105000,1,NY
225000,1,TX
550000,1,FL
110000,1,TX
200000,1,OH
200000,1,OH
95000,1,IL
650000,1,FL
160000,1,MO
350000,1,VA
95000,1,OH
200000,1,FL
200000,1,WA
550000,1,CA
650000,1,CA
225000,1,IN
225000,1,IN
225000,1,IN
225000,1,NC
225000,1,NC
170000,1,MS
400000,1,VA
475000,1,NULL
400000,1,NULL
200000,1,CA
200000,1,CA
375000,1,NJ
275000,1,OH
275000,1,TX
125000,1,DE
125000,1,DE
850000,1,NJ
140000,1,IL
140000,1,IL
275000,1,GA
550000,1,FL
200000,1,TX
450000,1,CO
140000,1,IN
250000,1,IN
250000,1,VA
250000,1,VA
130000,1,NULL
275000,1,MT
75000,1,NULL
300000,1,TX
325000,1,TN
130000,1,IL
130000,1,IL
300000,1,GA
300000,1,CA
130000,1,NULL
250000,1,FL
550000,1,CA
200000,1,NULL
750000,1,NULL
200000,1,WA
60000,1,NULL
325000,1,CA
275000,1,NY
275000,1,RI
275000,1,FL
125000,1,CA
180000,1,MA
250000,1,TX
250000,1,TX
500000,1,CO
275000,1,CT
250000,1,MD
250000,1,MD
200000,1,OR
250000,1,NC
275000,1,NV
120000,1,MI
90000,1,IL
90000,1,IL
200000,1,OR
650000,1,NULL
200000,1,NULL
200000,1,OR
2000000,1,NULL
105000,1,NULL
160000,1,NULL
130000,1,FL
700000,1,NULL
500000,1,NJ
400000,1,VA
400000,1,VA
190000,1,NULL
500000,1,NULL
650000,1,NULL
1500000,1,CA
250000,1,OK
225000,1,OH
225000,1,OH
85000,1,NULL
275000,1,NY
110000,1,NULL
200000,1,CA
200000,1,CA
135000,1,NC
120000,1,NULL
200000,1,NULL
300000,1,NULL
350000,1,CA
200000,1,NULL
200000,1,NULL
80000,1,NULL
250000,1,NULL
250000,1,NULL
225000,1,FL
85000,1,NULL
85000,1,NULL
300000,1,MT
2000000,1,CA
275000,1,RI
325000,1,NULL
190000,1,NULL
190000,1,NULL
275000,1,CA
600000,1,CA
70000,1,OH
475000,1,NY
550000,1,NULL
105000,1,AL
900000,1,NULL
1500000,1,WA
550000,1,NY
250000,1,TX
375000,1,MD
425000,1,CA
325000,1,NULL
350000,1,NULL
80000,1,NULL
160000,1,NULL
275000,1,NULL
350000,1,NY
135000,1,NC
115000,1,NULL
475000,1,NJ
190000,1,AZ
225000,1,NULL
170000,1,KY
250000,1,IN
180000,1,PA
425000,1,NULL
150000,1,TN
350000,1,NULL
350000,1,NULL
375000,1,MO
300000,1,NULL
325000,1,NULL
475000,1,CA
275000,1,FL
475000,1,NC
180000,1,FL
200000,1,FL
600000,1,MA
275000,1,IL
160000,1,NULL
550000,1,VA
170000,1,FL
750000,1,CA
750000,1,CA
375000,1,FL
200000,1,IN
200000,1,NULL
650000,1,CO
150000,1,CO
250000,1,CT
300000,1,NULL
375000,1,CO
300000,1,WA
325000,1,PA
375000,1,NJ
375000,1,NJ
700000,1,DC
425000,1,CA
1500000,1,OR
110000,1,NY
650000,1,TX
200000,1,CA
400000,1,OR
400000,1,OR
300000,1,AZ
135000,1,AZ
700000,1,CA
700000,1,CA
120000,1,MN
225000,1,UT
325000,1,LA
85000,1,LA
275000,1,WA
130000,1,OR
400000,1,CA
650000,1,FL
350000,1,CA
425000,1,CA
300000,1,AZ
500000,1,CA
275000,1,NV
325000,1,VA
300000,1,AZ
200000,1,CA
200000,1,CA
200000,1,CA
325000,1,UT
650000,1,GA
130000,1,PA
85000,1,LA
1500000,1,CA
1500000,1,CA
1500000,1,CA
350000,1,TX
450000,1,CA
400000,1,OR
650000,1,WA
650000,1,WA
250000,1,OH
350000,1,TX
350000,1,FL
140000,1,MI
275000,1,GA
135000,1,NJ
950000,1,NC
75000,1,IL
275000,1,CO
425000,1,TX
75000,1,PA
75000,1,PA
100000,1,NC
425000,1,NV
350000,1,NC
400000,1,NC
250000,1,GA
325000,1,NJ
300000,1,FL
250000,1,FL
170000,1,AL
300000,1,NJ
120000,1,VA
120000,1,VA
1500000,1,CA
120000,1,VA
275000,1,CA
225000,1,IL
115000,1,NC
275000,1,CA
700000,1,CA
190000,1,KY
400000,1,FL
325000,1,CA
300000,1,CA
1000000,1,IL
1000000,1,IL
130000,1,MN
800000,1,CA
350000,1,PA
250000,1,TN
550000,1,CA
275000,1,CA
550000,1,CA
135000,1,TX
190000,1,OH
140000,1,NY
400000,1,CA
120000,1,VT
170000,1,AL
160000,1,OH
550000,1,OR
200000,1,PA
450000,1,NC
400000,1,WA
325000,1,CA
325000,1,CA
0,1,GA
0,1,TX
200000,1,CA
0,1,TN
0,1,CO
0,1,CO
0,1,UT
425000,1,UT
275000,1,FL
375000,1,CA
375000,1,CA
375000,1,CA
160000,1,ID
160000,1,ID
170000,1,MT
80000,1,FL
900000,1,CO
80000,1,FL
0,1,NC
250000,1,OH
140000,1,AZ
650000,1,CA
700000,1,NC
325000,1,NJ
250000,1,FL
250000,1,NC
250000,1,NC
225000,1,VA
225000,1,NC
140000,1,NC
650000,1,NJ
375000,1,UT
600000,1,NJ
600000,1,CA
120000,1,IN
250000,1,OH
100000,1,FL
225000,1,PA
170000,1,OH
300000,1,VA
0,1,NC
0,1,FL
0,1,FL
0,1,SC
1500000,1,NY
200000,1,MA
0,1,GA
800000,1,KS
200000,1,CA
0,1,KY
650000,1,CA
650000,1,CA
325000,1,CA
325000,1,CA
850000,1,CA
850000,1,CA
850000,1,CA
850000,1,CA
850000,1,CA
850000,1,CA
450000,1,UT
135000,1,GA
135000,1,GA
800000,1,FL
190000,1,AL
300000,1,WY
0,1,TN
190000,1,MO
275000,1,TX
160000,1,NM
150000,1,NULL
85000,1,NULL
600000,1,NULL
180000,1,AR
160000,1,KY
375000,1,MD
150000,1,TX
275000,1,IN
450000,1,ND
170000,1,ME
550000,1,TX
550000,1,TX
150000,1,GA
140000,1,IL
350000,1,FL
325000,1,CA
550000,1,TX
140000,1,IL
550000,1,FL
550000,1,FL
190000,1,PA
1000000,1,MD
600000,1,GA
700000,1,CA
700000,1,CA
250000,1,NULL
250000,1,NULL
475000,1,PA
500000,1,GA
1500000,1,NY
100000,1,PA
160000,1,FL
850000,1,NY
170000,1,FL
170000,1,FL
170000,1,FL
130000,1,VA
450000,1,NJ
650000,1,TX
120000,1,CT
325000,1,NC
180000,1,FL
