Veteran,LoanAmountRequested,Status,PropertyState
0,60000,2,MI
0,60000,2,MI
0,95999,1,IN
0,385000,2,CA
0,115000,2,MN
0,135000,2,MI
0,135000,2,MI
0,135000,2,MI
0,135000,2,MI
0,135000,2,MI
0,200000,2,FL
0,200000,2,FL
0,200000,2,FL
0,220000,1,WI
0,150000,1,VA
0,305000,1,MD
1,110000,2,MA
1,110000,2,MA
1,110000,2,MA
1,110000,2,MA
1,110000,2,MA
1,204000,2,MI
1,204000,2,MI
1,204000,2,MI
1,204000,2,MI
1,204000,2,MI
0,60000,1,FL
1,180000,2,NC
1,180000,2,NC
1,180000,2,NC
1,180000,2,NC
1,180000,2,NC
1,180000,2,NC
1,180000,2,NC
1,180000,2,NC
1,180000,2,NC
1,180000,2,NC
1,180000,2,NC
1,180000,2,NC
0,125000,2,IN
0,125000,2,IN
0,125000,2,IN
0,125000,2,IN
0,125000,2,IN
0,125000,2,IN
0,125000,2,IN
0,125000,2,IN
0,125000,2,IN
0,125000,2,IN
0,125000,2,IN
0,125000,2,IN
0,125000,2,IN
0,125000,2,IN
0,125000,2,IN
0,125000,2,IN
0,125000,2,IN
0,125000,2,IN
0,125000,2,IN
0,125000,2,IN
0,125000,2,IN
0,125000,2,IN
0,125000,2,IN
0,125000,2,IN
0,128000,1,NC
0,400000,1,VA
0,400000,1,NJ
0,400000,2,NJ
0,400000,1,NJ
0,400000,1,NJ
0,400000,1,NJ
0,400000,2,NJ
0,400000,2,NJ
0,400000,1,NJ
0,210000,2,MI
0,210000,2,MI
0,210000,2,MI
1,85000,1,TX
0,60000,2,TX
0,60000,2,TX
0,60000,2,TX
0,60000,2,TX
0,60000,2,TX
0,60000,2,TX
0,60000,2,TX
0,60000,2,TX
1,325000,1,NJ
0,125000,1,ID
0,225000,2,SC
0,225000,2,SC
0,225000,2,SC
0,225000,2,SC
0,225000,2,SC
0,150000,2,PA
0,150000,2,PA
0,150000,2,PA
0,150000,2,PA
0,150000,2,PA
0,150000,2,PA
0,150000,2,PA
0,150000,2,PA
0,150000,2,PA
0,150000,2,PA
0,150000,2,PA
0,150000,2,PA
0,150000,2,PA
0,150000,2,PA
0,150000,2,PA
0,150000,2,PA
0,150000,2,PA
0,150000,2,PA
0,150000,2,PA
0,150000,2,PA
0,150000,2,PA
0,150000,2,PA
0,250000,1,NV
0,250000,2,NV
0,250000,2,NV
0,250000,2,NV
0,250000,2,NV
0,250000,2,NV
0,250000,2,NV
0,250000,2,NV
0,250000,2,NV
0,250000,2,NV
0,250000,2,NV
0,250000,1,NV
0,250000,2,NV
0,250000,2,NV
0,250000,2,NV
0,250000,2,NV
0,250000,2,NV
0,250000,2,NV
0,250000,2,NV
0,250000,2,NV
0,250000,2,NV
0,250000,2,NV
0,250000,2,NV
0,250000,2,NV
0,250000,2,NV
0,250000,2,NV
0,250000,2,NV
0,250000,2,NV
0,60000,1,IA
0,60000,2,IA
0,300000,2,MI
0,650000,2,MD
0,650000,2,MD
0,200000,2,VA
0,200000,2,VA
0,200000,2,VA
0,200000,2,VA
0,200000,2,VA
0,135000,1,TX
0,140000,2,NC
0,140000,2,NC
0,200000,2,NY
0,200000,2,NY
0,190000,1,PA
0,190000,1,PA
0,190000,1,PA
0,119000,2,OH
0,255000,2,NJ
0,255000,2,NJ
0,255000,2,NJ
0,255000,2,NJ
0,255000,2,NJ
0,135000,1,FL
0,170000,2,NV
0,170000,2,NV
0,170000,2,NV
0,170000,2,NV
0,170000,2,NV
0,80000,1,AR
0,80000,2,AR
0,80000,1,AR
0,80000,1,AR
0,553000,2,NJ
1,450000,1,MD
0,771000,1,CO
0,771000,2,CO
0,771000,2,CO
0,771000,2,CO
0,771000,2,CO
0,325000,1,MN
0,105000,2,IL
0,105000,2,IL
0,105000,2,IL
0,105000,2,IL
0,240000,1,AZ
0,240000,2,AZ
0,240000,2,AZ
0,240000,2,AZ
0,240000,2,AZ
0,240000,2,AZ
0,240000,1,AZ
0,240000,2,AZ
0,240000,2,AZ
0,240000,2,AZ
0,240000,2,AZ
0,240000,2,AZ
1,140000,2,GA
1,140000,2,GA
0,300000,1,CO
0,180000,2,PA
0,180000,2,PA
0,180000,2,PA
0,180000,2,PA
0,75000,1,PA
1,120000,2,MA
1,120000,2,MA
1,120000,2,MA
1,120000,2,MA
1,120000,2,MA
0,160000,2,IN
0,160000,2,IN
0,160000,2,IN
0,160000,2,IN
0,160000,2,IN
0,480000,1,CO
0,170000,2,NY
0,170000,2,NY
0,170000,2,NY
0,170000,2,NY
0,170000,2,NY
0,150000,1,WI
0,115000,1,TX
0,80000,1,PA
0,80000,1,PA
0,425000,1,CA
0,250000,2,MD
0,250000,2,MD
0,250000,2,MD
0,250000,2,MD
0,250000,2,MD
0,250000,2,MD
0,250000,2,MD
0,250000,2,MD
0,250000,2,MD
0,250000,2,MD
0,250000,2,MD
0,250000,2,MD
0,250000,2,MD
0,250000,2,MD
0,250000,2,MD
0,250000,2,MD
0,250000,2,MD
0,300000,1,DE
0,300000,2,DE
0,300000,2,DE
0,300000,2,DE
0,300000,2,DE
0,135000,1,FL
0,195000,2,CA
0,195000,2,CA
0,195000,2,CA
0,195000,2,CA
0,195000,2,CA
0,80000,2,NH
0,280000,2,CO
0,280000,2,CO
0,60000,2,TX
0,60000,2,TX
0,60000,2,TX
0,60000,2,TX
0,60000,2,TX
0,135000,1,AZ
0,225000,2,CT
0,225000,2,CT
1,220000,2,FL
1,220000,2,FL
0,115681,1,NC
0,115681,1,NC
0,115681,2,NC
1,60000,1,OH
1,425000,2,CA
1,425000,2,CA
1,425000,2,CA
0,300000,1,VA
0,111000,2,TX
0,111000,2,TX
0,111000,2,TX
0,111000,2,TX
0,75000,1,NC
0,120000,1,MS
0,305000,1,MA
1,115000,1,GA
1,115000,1,GA
1,70000,2,NC
0,650000,2,CA
0,650000,2,CA
0,650000,2,CA
0,650000,2,CA
0,280000,1,CA
0,130000,2,MT
0,130000,2,MT
0,130000,2,MT
0,130000,2,MT
0,130000,2,MT
0,68000,2,AL
0,68000,2,AL
0,68000,2,AL
0,68000,2,AL
0,68000,2,AL
0,420000,1,CA
0,400000,2,NY
0,400000,2,NY
1,80000,2,FL
1,80000,2,FL
1,80000,2,FL
1,80000,2,FL
1,80000,2,FL
0,160000,2,TN
0,160000,2,TN
0,160000,2,TN
0,105000,1,TX
0,190000,2,AZ
0,190000,2,AZ
0,190000,2,AZ
0,190000,2,AZ
0,190000,2,AZ
0,95000,2,MI
0,225000,1,NC
0,60000,2,CA
0,60000,2,CA
0,60000,2,CA
0,60000,2,CA
0,60000,2,CA
0,125000,2,TX
0,125000,2,TX
0,125000,2,TX
0,125000,2,TX
0,125000,2,TX
1,65000,2,TX
1,65000,2,TX
1,65000,2,TX
0,85000,2,CO
0,85000,2,CO
0,85000,2,CO
0,85000,2,CO
0,85000,2,CO
0,85000,2,CO
0,85000,2,CO
0,180000,1,NJ
0,150000,1,UT
0,469000,2,CA
0,84000,2,KY
0,84000,2,KY
0,84000,2,KY
0,84000,2,KY
0,80000,2,WI
0,325000,2,FL
0,325000,2,FL
0,75000,2,MO
0,75000,2,MO
0,75000,2,MO
0,75000,2,MO
0,75000,2,MO
0,215000,2,VA
1,110000,1,CA
0,110000,1,TX
0,400000,1,WA
0,240000,1,HI
0,325000,1,NY
0,325000,1,NY
1,400000,2,TX
1,85000,2,FL
0,80000,2,AR
0,80000,2,AR
0,80000,2,AR
0,80000,2,AR
0,90000,1,MO
1,240000,2,TX
1,240000,2,TX
0,160000,2,WA
0,160000,2,WA
0,160000,2,WA
0,160000,2,WA
0,160000,2,WA
0,65000,2,NC
0,65000,2,NC
0,65000,2,NC
0,65000,2,NC
0,65000,2,NC
0,65000,2,NC
0,65000,2,NC
0,65000,2,NC
0,65000,2,NC
0,65000,2,NC
0,65000,2,NC
0,65000,2,NC
0,65000,2,NC
0,65000,2,NC
0,65000,2,NC
0,65000,2,NC
0,350000,2,CT
0,350000,2,CT
0,350000,2,CT
0,350000,2,CT
0,350000,2,CT
0,350000,2,CT
0,350000,2,CT
0,350000,2,CT
0,350000,2,CT
0,350000,2,CT
0,350000,2,CT
0,350000,2,CT
0,350000,2,CT
0,350000,2,CT
0,350000,2,CT
0,350000,2,CT
0,350000,2,CT
0,150000,2,FL
0,150000,2,FL
0,150000,2,FL
0,150000,2,FL
0,150000,2,FL
0,150000,2,FL
0,150000,2,FL
0,150000,2,FL
0,150000,2,FL
0,150000,2,FL
0,150000,2,FL
0,150000,2,FL
0,150000,2,FL
0,150000,2,FL
0,150000,2,FL
0,150000,2,FL
0,150000,2,FL
0,150000,2,FL
0,225000,2,NM
0,225000,2,NM
0,225000,2,NM
0,225000,2,NM
0,225000,2,NM
0,225000,1,CA
0,190000,2,FL
0,190000,2,FL
0,190000,2,FL
0,190000,2,FL
0,190000,2,FL
0,190000,2,FL
0,190000,2,FL
0,190000,2,FL
0,190000,2,FL
0,190000,2,FL
0,190000,2,FL
0,190000,2,FL
0,190000,2,FL
0,190000,2,FL
0,190000,2,FL
0,119000,2,WA
0,320000,1,MI
0,300000,1,NC
0,460000,1,VA
0,185000,2,NJ
1,325000,2,WA
1,325000,2,WA
1,325000,2,WA
1,325000,2,WA
0,290000,2,MN
0,290000,2,MN
0,290000,2,MN
0,290000,2,MN
0,1544000,1,CA
0,1544000,1,CA
0,1544000,1,CA
0,1544000,1,CA
0,190000,2,CA
0,190000,2,CA
0,190000,2,CA
0,190000,2,CA
0,190000,2,CA
1,90000,1,FL
0,250000,2,OR
0,250000,2,OR
0,250000,2,OR
0,250000,2,OR
0,250000,2,OR
0,260000,2,AZ
0,260000,1,AZ
0,260000,2,AZ
0,260000,2,AZ
0,260000,2,AZ
0,225000,1,TX
0,225000,1,TX
0,210000,1,FL
0,60000,2,NY
0,80000,2,CA
1,170000,1,TX
0,425000,1,DC
0,425000,1,DC
0,425000,1,DC
0,310000,2,CA
0,310000,2,CA
1,60000,2,IL
1,60000,2,IL
1,60000,2,IL
1,60000,2,IL
1,60000,2,IL
0,475000,2,UT
0,475000,2,UT
0,475000,2,UT
0,475000,2,UT
0,475000,2,UT
0,68000,1,SC
0,631000,1,WA
0,631000,1,WA
0,631000,1,WA
0,631000,1,WA
0,631000,1,WA
0,400000,1,CO
0,400000,1,CO
0,375000,2,TX
0,375000,2,TX
0,375000,2,TX
0,375000,2,TX
0,375000,2,TX
0,375000,2,TX
0,375000,2,TX
0,375000,2,TX
0,375000,2,TX
0,375000,1,TX
0,375000,2,TX
0,250000,1,MI
0,150000,2,ID
0,150000,2,ID
0,150000,2,ID
0,150000,2,ID
0,150000,2,ID
0,150000,2,ID
0,150000,2,ID
0,150000,2,ID
0,150000,2,ID
0,150000,2,ID
0,150000,2,ID
0,150000,2,ID
0,160000,2,GA
0,160000,2,GA
0,100000,2,CO
0,100000,2,CO
0,100000,2,CO
0,100000,2,CO
0,350000,2,MA
0,350000,2,MA
0,350000,2,MA
0,350000,2,MA
0,350000,2,MA
0,140000,2,NH
0,140000,2,NH
0,140000,2,AR
0,140000,2,AR
0,140000,2,AR
0,140000,2,AR
0,140000,2,AR
1,100000,2,IL
1,100000,2,IL
1,100000,2,IL
1,100000,0,IL
1,100000,2,IL
1,100000,2,IL
1,100000,2,IL
1,100000,2,IL
1,100000,2,IL
1,100000,2,IL
1,70000,2,PA
1,385000,1,NY
0,60000,2,AZ
0,190000,2,AZ
0,190000,1,AZ
0,250000,2,CA
0,250000,2,CA
0,250000,2,CA
0,250000,2,CA
0,250000,2,CA
0,150000,2,IA
0,150000,2,IA
0,150000,1,IA
0,150000,2,IA
0,150000,1,CT
0,85000,2,MO
0,85000,2,MO
0,85000,2,MO
0,85000,2,MO
0,105000,2,NM
0,105000,2,NM
0,105000,1,NM
0,105000,2,NM
0,105000,2,NM
0,155000,1,NJ
0,170000,1,CA
0,130000,2,TX
0,130000,2,TX
0,130000,2,TX
0,130000,2,TX
0,110000,2,OH
0,110000,2,OH
0,115000,2,IA
0,115000,2,IA
0,115000,2,IA
0,115000,2,IA
0,115000,1,IA
0,181000,1,FL
0,181000,1,FL
1,200000,2,NC
1,200000,2,NC
0,330000,2,TX
0,330000,2,TX
0,330000,2,TX
0,330000,2,TX
0,330000,2,TX
0,85000,1,CO
0,110000,2,TX
0,110000,2,TX
0,110000,2,TX
0,110000,2,TX
0,110000,2,TX
0,335000,2,CA
0,335000,2,CA
0,335000,2,CA
0,335000,2,CA
0,335000,2,CA
0,435000,2,CA
0,435000,2,CA
0,435000,2,CA
0,435000,2,CA
0,435000,2,CA
0,435000,2,CA
0,435000,2,CA
0,435000,2,CA
0,435000,2,CA
0,435000,2,CA
0,435000,2,CA
0,410000,2,CA
0,410000,2,CA
0,410000,2,CA
0,410000,2,CA
0,410000,2,CA
0,410000,2,CA
0,410000,2,CA
0,410000,2,CA
0,410000,2,CA
0,410000,2,CA
0,410000,2,CA
0,410000,2,CA
0,410000,2,CA
0,410000,2,CA
0,410000,2,CA
0,410000,2,CA
0,410000,2,CA
0,410000,2,CA
0,410000,2,CA
0,410000,2,CA
0,70000,1,MA
0,70000,2,MA
0,70000,1,MA
0,70000,1,MA
0,70000,1,MA
0,70000,2,MA
0,70000,2,MA
0,70000,1,MA
0,100000,2,NC
0,100000,2,NC
0,100000,2,NC
0,100000,2,NC
0,100000,2,NC
0,60000,2,PA
0,60000,2,PA
0,200000,1,TX
1,120000,1,TX
1,120000,2,TX
1,120000,2,TX
1,120000,2,TX
1,120000,2,TX
1,120000,2,TX
1,120000,2,TX
1,120000,2,TX
1,120000,2,TX
1,120000,2,TX
1,120000,2,TX
1,120000,2,TX
1,120000,2,TX
1,120000,2,TX
1,120000,2,TX
1,120000,2,TX
1,120000,2,TX
1,120000,2,TX
1,120000,1,TX
1,120000,2,TX
1,120000,2,TX
1,120000,2,TX
1,120000,2,TX
1,120000,2,TX
1,120000,2,TX
1,120000,2,TX
0,375000,2,ID
0,375000,2,ID
0,375000,2,ID
0,375000,2,ID
0,375000,2,ID
0,635000,2,DC
0,635000,2,DC
0,635000,2,DC
0,635000,2,DC
0,635000,2,DC
0,635000,2,DC
0,635000,2,DC
0,635000,2,DC
0,635000,2,DC
0,635000,2,DC
0,635000,2,DC
0,635000,2,DC
0,635000,2,DC
0,635000,2,DC
0,635000,2,DC
0,635000,2,DC
0,635000,2,DC
0,635000,2,DC
0,635000,2,DC
0,635000,2,DC
0,635000,2,DC
0,635000,2,DC
0,635000,2,DC
0,635000,2,DC
0,635000,2,DC
0,635000,1,DC
0,635000,2,DC
0,635000,2,DC
0,635000,2,DC
0,635000,2,DC
0,635000,2,DC
0,635000,1,DC
0,635000,2,DC
0,635000,2,DC
0,635000,2,DC
0,635000,2,DC
0,635000,2,DC
0,635000,2,DC
0,635000,2,DC
0,635000,2,DC
0,635000,2,DC
0,635000,2,DC
0,635000,2,DC
0,635000,2,DC
0,635000,2,DC
0,635000,2,DC
0,635000,2,DC
0,635000,2,DC
0,635000,2,DC
0,80000,2,TX
0,80000,2,TX
0,80000,2,TX
0,80000,2,TX
0,80000,2,TX
1,104000,1,SC
0,170000,2,PA
0,170000,2,PA
0,170000,2,PA
0,170000,2,PA
0,170000,2,PA
0,170000,2,PA
0,170000,2,PA
0,170000,2,PA
0,170000,2,PA
0,170000,2,PA
0,170000,2,PA
0,170000,2,PA
0,170000,2,PA
0,170000,2,PA
0,170000,2,PA
0,170000,2,PA
0,170000,2,PA
0,170000,2,PA
0,170000,2,PA
0,170000,2,PA
0,170000,2,PA
0,170000,2,PA
0,170000,2,PA
0,170000,2,PA
0,170000,2,PA
0,170000,2,PA
0,170000,2,PA
0,170000,2,PA
0,170000,2,PA
0,170000,2,PA
0,170000,2,PA
0,170000,2,PA
0,170000,2,PA
0,170000,2,PA
0,170000,2,PA
0,170000,2,PA
0,170000,2,PA
0,170000,2,PA
0,170000,2,PA
0,170000,2,PA
0,170000,2,PA
0,170000,2,PA
0,170000,2,PA
0,170000,2,PA
0,170000,2,PA
0,170000,2,PA
0,170000,2,PA
0,170000,2,PA
0,170000,2,PA
0,170000,2,PA
0,170000,2,PA
0,170000,2,PA
0,170000,2,PA
0,125000,1,IL
1,60000,0,TX
0,90000,0,NC
0,700000,2,CA
0,300000,0,CA
0,370000,0,FL
1,75000,1,TX
0,65000,2,IN
0,250000,2,PA
0,250000,2,PA
0,250000,2,PA
0,250000,2,PA
0,250000,0,PA
0,230000,0,VA
0,230000,2,VA
0,230000,2,VA
0,230000,2,VA
0,230000,0,VA
0,600000,2,CA
0,600000,2,CA
0,600000,0,CA
0,600000,2,CA
0,600000,0,CA
0,600000,0,CA
0,600000,2,CA
0,600000,2,CA
0,600000,2,CA
0,600000,0,CA
0,600000,2,CA
0,600000,2,CA
0,600000,2,CA
0,600000,2,CA
0,600000,0,CA
0,600000,2,CA
0,600000,2,CA
0,600000,2,CA
0,600000,0,CA
0,600000,2,CA
0,600000,2,CA
0,600000,2,CA
0,600000,2,CA
0,600000,2,CA
0,600000,0,CA
0,600000,2,CA
0,600000,0,CA
0,600000,0,CA
0,600000,2,CA
1,85000,2,FL
1,85000,2,FL
0,70000,2,NC
0,170000,1,KS
0,110000,2,CA
0,110000,2,CA
0,110000,2,CA
0,110000,2,CA
0,110000,2,CA
0,95000,2,KS
1,135000,1,TX
1,135000,1,TX
0,175000,2,AZ
0,175000,2,AZ
0,175000,2,AZ
0,175000,2,AZ
0,175000,2,AZ
0,175000,2,AZ
0,175000,2,AZ
0,175000,2,AZ
0,175000,2,AZ
0,175000,2,AZ
0,175000,2,AZ
0,70000,2,FL
0,325000,1,WA
0,325000,1,WA
0,240000,1,CA
0,630000,1,NY
0,89000,1,OK
0,89000,1,OK
0,89000,1,OK
0,89000,1,OK
0,325000,2,CA
0,325000,2,CA
0,325000,2,CA
0,325000,2,CA
0,325000,2,CA
0,200000,1,NY
0,85000,2,FL
0,300000,1,TX
0,300000,1,TX
0,300000,1,TX
0,215000,2,MI
0,550000,1,CA
0,550000,1,CA
0,250000,2,GA
0,250000,2,GA
0,250000,2,GA
0,120000,1,OH
0,120000,1,OH
0,175000,2,AZ
0,175000,2,AZ
0,175000,2,AZ
0,175000,2,AZ
0,175000,2,AZ
0,175000,2,AZ
0,175000,2,AZ
0,175000,2,AZ
0,175000,1,AZ
0,175000,2,AZ
0,155000,1,DE
0,135000,1,OR
0,250000,1,NJ
1,400000,2,OH
1,400000,2,OH
1,400000,2,OH
1,400000,2,OH
0,130000,2,LA
0,103000,1,AZ
0,130000,1,AZ
1,180000,2,CA
1,180000,2,CA
1,180000,2,CA
1,180000,2,CA
1,180000,2,CA
1,180000,2,CA
1,180000,2,CA
1,180000,2,CA
1,180000,2,CA
1,216000,2,OR
1,216000,2,OR
1,216000,2,OR
1,216000,2,OR
1,216000,2,OR
1,216000,2,OR
1,216000,2,OR
1,216000,2,OR
1,216000,2,OR
1,216000,2,OR
1,216000,2,OR
1,216000,2,OR
1,216000,2,OR
1,216000,2,OR
1,216000,2,OR
1,216000,2,OR
1,216000,2,OR
1,216000,2,OR
1,216000,2,OR
1,216000,2,OR
1,216000,2,OR
1,216000,2,OR
1,216000,2,OR
1,216000,2,OR
1,216000,2,OR
1,216000,2,OR
1,216000,2,OR
1,216000,2,OR
1,216000,2,OR
1,216000,2,OR
1,216000,2,OR
1,216000,2,OR
1,216000,2,OR
1,216000,2,OR
1,216000,2,OR
1,216000,2,OR
1,216000,2,OR
1,216000,2,OR
1,216000,2,OR
1,216000,2,OR
1,216000,2,OR
1,216000,2,OR
1,216000,2,OR
1,216000,2,OR
1,216000,2,OR
1,216000,2,OR
1,216000,2,OR
1,216000,2,OR
1,216000,2,OR
0,295000,1,NC
0,120000,2,MI
0,120000,2,MI
0,120000,2,MI
0,120000,2,MI
0,120000,2,MI
0,850000,2,MA
0,850000,2,MA
0,850000,2,MA
0,451000,1,CA
1,60000,2,MI
1,60000,2,MI
0,75000,1,TX
0,425000,2,NY
0,425000,2,NY
0,425000,2,NY
0,425000,2,NY
0,60000,1,MI
0,60000,1,MI
0,60000,1,MI
0,380000,2,ME
0,380000,2,ME
0,380000,1,ME
0,380000,2,ME
0,380000,2,ME
0,380000,2,ME
0,380000,2,ME
0,380000,2,ME
0,380000,2,ME
0,380000,2,ME
0,380000,2,ME
0,380000,2,ME
0,380000,2,ME
0,380000,2,ME
0,275000,1,CA
0,145000,2,CT
0,145000,2,CT
0,145000,2,CT
0,145000,2,CT
0,145000,2,CT
0,145000,2,CT
0,145000,2,CT
0,145000,1,CT
0,145000,2,CT
0,140000,2,PA
0,140000,2,PA
0,115000,2,OH
0,115000,2,OH
0,115000,2,OH
0,115000,2,OH
0,115000,2,OH
0,115000,2,OH
0,115000,2,OH
0,115000,2,OH
0,115000,2,OH
0,115000,2,OH
0,260000,1,NC
0,90000,1,AR
0,305000,1,MD
0,305000,1,MD
0,305000,2,MD
0,120000,2,GA
0,120000,2,GA
0,120000,2,GA
0,120000,2,GA
0,120000,2,GA
0,320000,2,FL
0,320000,2,FL
0,320000,2,FL
0,320000,2,FL
0,320000,2,FL
0,320000,2,FL
0,320000,2,FL
0,320000,2,FL
0,120000,1,FL
0,80000,1,AZ
0,260000,2,ME
0,260000,2,ME
0,260000,2,ME
0,260000,2,ME
0,260000,2,ME
0,95000,1,RI
0,150000,1,KY
0,150000,1,KY
0,200000,2,NV
0,140000,1,MN
0,170000,1,MD
0,170000,1,MD
1,60000,2,FL
1,60000,2,FL
1,60000,2,FL
0,208000,2,NH
0,208000,2,NH
0,208000,2,NH
0,208000,1,NH
0,208000,2,NH
0,135000,1,AZ
0,60000,2,IN
0,225000,2,CT
0,225000,2,CT
0,225000,2,CT
0,225000,2,CT
0,225000,2,CT
0,225000,1,CT
0,225000,2,CT
0,225000,2,CT
0,225000,2,CT
0,225000,1,CT
0,225000,2,CT
0,225000,2,CT
0,225000,2,CT
0,225000,2,CT
0,225000,2,CT
0,225000,2,CT
0,225000,2,CT
0,225000,2,CT
0,225000,2,CT
0,225000,2,CT
0,225000,2,CT
0,225000,2,CT
0,850000,2,CA
0,850000,1,CA
0,425000,2,CA
0,400000,1,NH
0,230000,1,TN
0,380000,1,CA
0,380000,1,CA
0,145000,2,MO
0,145000,2,MO
1,145000,2,TX
1,145000,2,TX
1,145000,2,TX
1,145000,2,TX
1,145000,2,TX
1,145000,2,TX
1,145000,2,TX
1,145000,2,TX
1,145000,2,TX
1,145000,2,TX
1,145000,2,TX
1,145000,2,TX
1,145000,2,TX
1,145000,2,TX
1,145000,2,TX
1,145000,2,TX
1,145000,2,TX
1,145000,2,TX
1,145000,2,TX
1,145000,2,TX
1,145000,2,TX
1,145000,2,TX
1,145000,2,TX
1,145000,2,TX
1,145000,2,TX
1,145000,2,TX
1,145000,2,TX
1,145000,2,TX
1,145000,2,TX
1,145000,2,TX
1,145000,2,TX
1,145000,2,TX
1,145000,2,TX
1,145000,2,TX
1,145000,2,TX
1,145000,2,TX
1,145000,2,TX
1,145000,2,TX
1,145000,1,TX
1,145000,2,TX
1,145000,2,TX
0,125000,1,MI
0,350000,1,WA
0,900000,1,CA
1,135000,1,GA
0,160000,1,MI
0,96000,1,KS
0,60000,1,IN
0,500000,1,CA
1,190000,1,TX
0,160000,2,OH
0,160000,2,OH
0,160000,2,OH
0,160000,2,OH
0,160000,2,OH
0,472000,2,CA
0,472000,2,CA
0,472000,2,CA
1,128000,1,GA
0,115000,2,CO
0,140000,2,FL
0,140000,2,FL
0,140000,2,FL
0,140000,2,FL
0,140000,2,FL
0,100000,2,CT
0,85000,2,AR
0,85000,2,AR
0,85000,2,AR
0,85000,2,AR
0,85000,2,AR
0,85000,2,AR
0,85000,2,AR
0,85000,2,AR
0,155000,2,FL
0,155000,2,FL
0,155000,2,FL
0,155000,2,FL
0,155000,2,FL
0,155000,1,FL
0,315000,2,CA
0,315000,2,CA
0,315000,2,CA
0,315000,2,CA
0,315000,2,CA
1,150000,1,CO
0,200000,1,TX
0,80000,2,UT
0,80000,2,UT
0,170000,2,NM
0,170000,2,NM
0,170000,2,NM
0,280000,1,CO
0,275000,2,WA
0,275000,2,WA
0,115000,2,RI
0,140000,1,NM
1,60000,2,TX
1,60000,2,TX
1,60000,2,TX
1,60000,2,TX
0,105000,1,MT
0,110000,1,AL
0,180000,1,CA
0,235000,2,CT
0,235000,2,CT
0,235000,2,CT
0,235000,2,CT
0,235000,1,CT
0,235000,2,CT
0,200000,2,CA
0,200000,2,CA
1,150000,2,WA
1,150000,2,WA
1,150000,2,WA
1,150000,2,WA
1,150000,2,WA
0,700000,2,CA
0,700000,2,CA
0,700000,2,CA
0,700000,2,CA
0,700000,2,CA
0,375000,2,CA
0,375000,2,CA
0,205000,2,MA
0,205000,2,MA
0,205000,2,MA
0,205000,2,MA
0,205000,2,MA
0,205000,2,MA
0,205000,2,MA
0,205000,2,MA
0,205000,2,MA
0,205000,2,MA
0,199000,2,MA
0,199000,2,MA
0,199000,2,MA
0,199000,2,MA
0,199000,2,MA
0,199000,2,MA
0,199000,2,MA
0,199000,2,MA
0,199000,2,MA
0,199000,2,MA
0,200000,1,TX
0,460000,2,CA
0,70000,2,OH
0,70000,2,OH
0,70000,2,OH
0,70000,2,OH
0,70000,2,OH
0,70000,2,OH
0,70000,1,OH
0,70000,2,OH
0,70000,2,OH
0,70000,2,OH
0,70000,2,OH
0,90000,1,TX
0,400000,2,CA
0,400000,2,CA
0,400000,2,CA
0,400000,2,CA
0,400000,2,CA
0,190000,2,FL
0,190000,2,FL
0,190000,2,FL
0,190000,2,FL
0,190000,2,FL
0,190000,2,FL
0,190000,2,FL
0,190000,2,FL
0,190000,2,FL
0,190000,2,FL
0,190000,2,FL
0,190000,2,FL
0,190000,2,FL
0,190000,2,FL
0,190000,2,FL
0,190000,2,FL
0,190000,2,FL
0,190000,2,FL
0,190000,2,FL
0,190000,2,FL
0,190000,2,FL
0,190000,2,FL
0,190000,2,FL
0,190000,2,FL
0,190000,2,FL
0,190000,2,FL
0,190000,2,FL
0,190000,2,FL
0,190000,2,FL
0,190000,2,FL
0,190000,2,FL
0,190000,2,FL
0,190000,2,FL
0,190000,2,FL
0,190000,2,FL
0,190000,2,FL
0,90000,1,OR
1,1600000,1,WY
1,1600000,2,WY
0,60000,2,SC
0,60000,1,SC
0,380000,2,OR
0,380000,2,OR
0,380000,2,OR
0,380000,2,OR
0,380000,2,OR
0,80000,2,OK
0,80000,2,OK
0,80000,2,OK
0,80000,2,OK
0,80000,2,OK
0,375000,2,CA
0,375000,2,CA
0,375000,2,CA
0,375000,2,CA
0,375000,2,CA
1,225000,2,MD
1,225000,2,MD
1,225000,2,MD
1,225000,2,MD
1,225000,2,MD
0,525000,2,CA
0,525000,2,CA
0,525000,2,CA
0,525000,2,CA
0,525000,2,CA
0,200000,2,CA
0,200000,2,CA
0,200000,2,CA
0,200000,2,CA
0,200000,2,CA
0,200000,2,CA
0,200000,2,CA
0,200000,2,CA
0,200000,2,CA
0,200000,2,CA
0,200000,2,CA
0,200000,2,CA
0,200000,2,CA
0,200000,2,CA
0,200000,2,CA
0,200000,2,CA
0,200000,2,CA
0,200000,2,CA
0,200000,2,CA
0,200000,2,CA
0,200000,2,CA
0,200000,2,CA
0,200000,2,CA
0,200000,2,CA
0,200000,2,CA
0,200000,2,CA
0,200000,2,CA
0,200000,2,CA
0,200000,2,CA
0,200000,2,CA
0,115000,2,OH
0,115000,2,OH
0,115000,2,OH
0,140000,2,NV
0,140000,2,NV
0,140000,2,NV
0,140000,2,NV
0,140000,2,NV
0,140000,2,NV
0,140000,2,NV
0,140000,2,NV
0,140000,2,NV
0,140000,2,NV
0,140000,2,NV
0,140000,2,NV
0,140000,2,NV
0,140000,2,NV
0,140000,2,NV
0,140000,2,NV
0,140000,2,NV
0,140000,2,NV
0,140000,2,NV
0,140000,2,NV
0,140000,2,NV
0,140000,2,NV
0,140000,2,NV
0,140000,2,NV
0,140000,2,NV
0,325000,1,NJ
0,79000,2,WI
0,79000,2,WI
0,79000,2,WI
0,79000,2,WI
0,79000,2,WI
0,79000,2,WI
0,79000,2,WI
0,79000,2,WI
0,79000,2,WI
0,79000,2,WI
0,89000,2,WI
0,89000,2,WI
0,89000,2,WI
0,89000,2,WI
0,89000,2,WI
0,104000,2,WI
0,104000,2,WI
0,104000,2,WI
0,104000,2,WI
0,104000,2,WI
0,104000,2,WI
0,104000,2,WI
0,104000,2,WI
0,104000,2,WI
0,104000,2,WI
0,124000,2,WI
0,124000,2,WI
0,124000,2,WI
0,124000,2,WI
0,124000,2,WI
0,66000,1,AL
0,60000,2,PA
1,150000,2,MA
1,150000,2,MA
1,150000,2,MA
0,90000,2,FL
0,90000,2,FL
0,90000,2,FL
0,90000,2,FL
0,90000,2,FL
0,200000,2,CA
0,200000,2,CA
0,200000,2,CA
0,200000,2,CA
0,200000,2,CA
0,200000,2,CA
0,200000,2,CA
0,200000,2,CA
0,200000,2,CA
0,200000,2,CA
0,200000,2,CA
0,200000,2,CA
0,200000,2,CA
0,200000,2,CA
0,200000,2,CA
0,200000,2,CA
0,200000,2,CA
0,200000,2,CA
0,200000,2,CA
0,200000,2,CA
0,200000,2,CA
0,200000,2,CA
0,200000,2,CA
0,200000,2,CA
0,200000,2,CA
1,72000,1,FL
1,72000,1,FL
1,60000,2,PA
0,160000,1,TX
0,100000,2,NC
0,100000,2,NC
0,100000,2,NC
0,100000,2,NC
0,100000,2,NC
1,120000,2,NC
1,120000,2,NC
1,120000,2,NC
1,180000,2,TX
1,180000,2,TX
1,180000,2,TX
1,180000,1,TX
0,350000,2,WA
0,350000,2,WA
0,350000,2,WA
0,350000,2,WA
0,160000,2,TX
0,160000,1,TX
0,160000,2,TX
0,160000,2,TX
0,160000,2,TX
0,160000,2,TX
0,375000,2,CA
0,375000,2,CA
0,375000,0,CA
0,375000,2,CA
0,375000,2,CA
0,375000,2,CA
0,375000,2,CA
0,375000,2,CA
0,375000,2,CA
0,375000,2,CA
0,375000,2,CA
0,375000,2,CA
0,375000,2,CA
0,375000,2,CA
0,375000,2,CA
0,375000,2,CA
0,375000,2,CA
0,375000,2,CA
0,375000,2,CA
0,375000,2,CA
0,375000,2,CA
0,375000,2,CA
0,375000,2,CA
0,375000,2,CA
0,375000,2,CA
0,375000,2,CA
0,80000,1,IL
0,438000,1,CA
1,90000,1,IA
0,180000,1,CA
0,190000,2,LA
0,190000,2,LA
1,60000,1,FL
1,70000,2,CA
0,235000,2,ME
0,235000,2,ME
0,235000,2,ME
0,445000,2,DC
0,445000,2,DC
0,445000,2,DC
0,445000,2,DC
0,445000,2,DC
0,160000,2,MN
0,60000,2,NY
0,60000,2,NY
0,60000,2,NY
0,60000,2,NY
0,60000,2,NY
0,190000,2,DE
0,70000,2,SC
1,125000,2,FL
1,125000,2,FL
1,125000,2,FL
1,125000,2,FL
1,125000,2,FL
0,186000,1,FL
0,320000,2,NY
0,320000,2,NY
0,320000,2,NY
0,320000,2,NY
0,320000,2,NY
0,320000,2,NY
0,320000,2,NY
0,320000,2,NY
0,320000,2,NY
0,320000,2,NY
0,320000,2,NY
0,320000,2,NY
0,320000,2,NY
0,320000,2,NY
0,350000,2,CA
0,350000,2,CA
0,350000,2,CA
0,350000,2,CA
0,350000,2,CA
0,105000,2,MI
0,105000,2,MI
1,275000,2,FL
0,144000,2,AZ
0,144000,2,AZ
0,144000,2,AZ
0,144000,2,AZ
0,144000,2,AZ
0,144000,2,AZ
0,144000,2,AZ
0,144000,2,AZ
0,144000,2,AZ
0,144000,2,AZ
0,144000,2,AZ
0,144000,1,AZ
0,144000,2,AZ
0,144000,2,AZ
0,144000,2,AZ
0,144000,2,AZ
0,144000,2,AZ
0,144000,2,AZ
0,144000,2,AZ
0,190000,1,IN
1,540000,2,IL
1,540000,2,IL
1,540000,2,IL
1,540000,2,IL
1,540000,2,IL
0,170000,2,NJ
0,170000,2,NJ
0,170000,2,NJ
0,170000,2,NJ
0,170000,2,NJ
0,180000,2,AL
0,180000,2,AL
0,600000,1,CA
0,200000,1,CA
0,90000,2,NV
0,90000,2,NV
0,90000,2,NV
0,90000,2,NV
0,90000,2,NV
0,300000,2,OR
0,300000,1,OR
0,150000,1,OH
0,150000,2,TN
0,150000,2,TN
0,150000,2,TN
0,150000,2,TN
0,150000,2,TN
1,219000,1,IN
0,350000,1,TX
1,200000,2,FL
0,60000,1,TX
1,144000,1,MD
1,60000,1,FL
0,375000,2,CA
0,375000,2,CA
0,375000,2,CA
0,375000,2,CA
0,375000,2,CA
0,60000,2,IN
0,100000,2,NC
0,100000,2,NC
0,100000,2,NC
0,100000,2,NC
0,100000,2,NC
0,100000,2,NC
0,100000,2,NC
0,100000,2,NC
0,100000,2,NC
0,100000,2,NC
0,100000,2,NC
0,100000,2,NC
0,100000,2,NC
0,68000,2,FL
0,68000,2,FL
0,68000,2,FL
0,68000,2,FL
0,300000,1,TX
0,70000,2,MN
0,70000,2,MN
0,70000,2,MN
0,70000,2,MN
0,70000,2,MN
0,850000,1,CA
0,850000,2,CA
0,105000,2,TN
0,105000,2,TN
0,105000,2,TN
0,105000,2,TN
0,105000,2,TN
1,300000,1,FL
1,400000,1,VA
1,225000,0,KS
1,225000,0,KS
1,225000,0,KS
1,225000,0,KS
1,225000,0,KS
1,225000,2,KS
1,225000,0,KS
1,225000,0,KS
1,225000,0,KS
1,225000,0,KS
1,225000,0,KS
1,225000,0,KS
1,225000,2,KS
1,225000,2,KS
1,225000,0,KS
1,225000,0,KS
1,225000,0,KS
1,225000,0,KS
0,122000,2,TN
0,122000,2,TN
0,122000,1,TN
0,650000,2,CA
0,650000,0,CA
0,550000,2,MA
0,550000,2,MA
0,550000,1,MA
0,205000,0,PA
1,210000,0,CA
1,210000,2,CA
1,210000,0,CA
1,210000,0,CA
1,210000,2,CA
1,210000,0,CA
1,210000,0,CA
1,210000,2,CA
1,210000,2,CA
1,250000,0,CA
1,250000,0,CA
1,250000,2,CA
1,250000,2,CA
1,250000,0,CA
0,80000,1,TX
0,80000,0,TX
0,120000,0,MI
0,235000,2,MA
0,235000,2,MA
0,60000,0,OH
0,130000,1,TX
0,270000,1,TX
0,649000,1,NY
1,60000,0,RI
1,60000,1,RI
0,200000,0,NC
0,200000,2,NC
0,200000,2,NC
0,200000,0,NC
0,200000,2,NC
0,225000,0,WA
1,135000,0,VA
1,135000,2,VA
0,367000,2,CA
0,367000,0,CA
0,367000,2,CA
0,367000,2,CA
0,367000,0,CA
0,125000,0,AZ
0,125000,2,TX
0,125000,0,TX
0,125000,0,TX
0,125000,0,TX
0,125000,0,TX
1,125000,0,NE
1,125000,0,NE
1,125000,2,NE
1,125000,2,NE
1,125000,2,NE
1,74000,1,SC
0,770000,0,PA
0,300000,1,CA
0,115000,0,FL
0,115000,2,FL
0,115000,2,FL
0,115000,2,FL
0,115000,0,FL
0,115000,2,FL
0,115000,2,FL
0,115000,0,FL
0,115000,0,FL
0,115000,2,FL
0,115000,0,FL
0,115000,2,FL
0,115000,2,FL
0,115000,2,FL
0,115000,2,FL
0,115000,2,FL
0,115000,0,FL
0,115000,0,FL
0,115000,2,FL
0,115000,2,FL
0,115000,0,FL
0,115000,0,FL
0,115000,2,FL
0,115000,0,FL
0,115000,0,FL
0,115000,0,FL
0,115000,0,FL
0,115000,0,FL
0,115000,0,FL
0,115000,0,FL
0,260000,0,WA
0,220000,1,WI
0,190000,0,LA
0,190000,2,LA
0,190000,0,LA
0,190000,0,LA
0,280000,0,GA
0,280000,0,GA
0,280000,0,GA
0,375000,2,NY
0,375000,2,NY
0,190000,0,CA
0,305000,0,MD
0,305000,2,MD
0,305000,2,MD
0,305000,0,MD
0,305000,0,MD
0,305000,0,MD
0,305000,2,MD
0,305000,0,MD
0,305000,0,MD
0,305000,2,MD
0,305000,2,MD
0,305000,2,MD
0,305000,0,MD
0,305000,0,MD
0,305000,2,MD
0,305000,2,MD
0,305000,0,MD
0,305000,2,MD
0,160000,2,FL
0,160000,0,FL
0,160000,2,FL
0,160000,2,FL
0,160000,0,FL
0,110000,0,VA
1,112000,2,NV
1,112000,0,NV
1,112000,2,NV
1,112000,0,NV
1,112000,2,NV
0,215000,2,MD
0,190000,1,MA
0,180000,2,DE
0,180000,2,DE
0,180000,2,DE
0,180000,2,DE
0,180000,0,DE
0,305000,0,WV
0,60000,1,MD
0,60000,1,MD
0,110000,2,IN
0,110000,0,IN
0,110000,0,IN
0,110000,0,IN
0,110000,0,IN
0,375000,2,IL
0,375000,2,IL
0,375000,2,IL
0,375000,2,IL
0,375000,2,IL
0,375000,2,IL
0,375000,2,IL
0,375000,2,IL
0,375000,2,IL
0,375000,2,IL
0,375000,0,IL
0,375000,2,IL
0,375000,2,IL
0,375000,2,IL
0,375000,2,IL
0,375000,2,IL
0,375000,2,IL
0,375000,2,IL
0,375000,2,IL
0,375000,2,IL
0,375000,2,IL
0,140000,2,CA
0,140000,2,CA
0,140000,2,CA
0,140000,2,CA
0,140000,2,CA
0,140000,2,CA
0,140000,2,CA
0,140000,2,CA
0,140000,2,CA
0,140000,2,CA
0,140000,2,CA
0,140000,2,CA
0,140000,2,CA
0,140000,2,CA
0,140000,2,CA
0,140000,2,CA
0,140000,2,CA
0,140000,2,CA
0,140000,2,CA
0,140000,2,CA
0,140000,2,CA
0,140000,2,CA
0,140000,2,CA
0,140000,2,CA
0,140000,2,CA
0,140000,2,CA
0,140000,2,CA
0,140000,2,CA
0,140000,2,CA
0,140000,2,CA
0,140000,2,CA
0,140000,2,CA
0,140000,2,CA
0,140000,2,CA
0,140000,2,CA
0,140000,2,CA
0,140000,2,CA
0,140000,2,CA
0,140000,2,CA
0,140000,2,CA
0,350000,2,MA
0,350000,2,MA
0,350000,2,MA
0,200000,2,IA
0,280000,1,TX
0,170000,2,WA
0,170000,2,WA
0,170000,2,WA
0,170000,2,WA
0,170000,2,WA
0,170000,2,WA
0,170000,2,WA
0,170000,2,WA
0,170000,2,WA
0,170000,2,WA
0,170000,2,WA
0,170000,2,WA
0,170000,2,WA
0,170000,2,WA
0,170000,2,WA
0,170000,2,WA
0,225000,2,OH
0,225000,2,OH
0,225000,2,OH
0,225000,2,OH
0,225000,2,OH
0,225000,2,OH
0,225000,2,OH
0,225000,2,OH
0,225000,2,OH
0,225000,2,OH
0,225000,2,OH
0,225000,2,OH
0,225000,2,OH
0,225000,2,OH
0,225000,2,OH
0,225000,2,OH
0,225000,2,OH
0,225000,2,OH
0,225000,2,OH
0,225000,2,OH
0,225000,2,OH
0,310000,2,CA
0,310000,2,CA
0,310000,2,CA
0,310000,2,CA
0,310000,2,CA
0,210000,2,VA
0,210000,2,VA
0,210000,2,VA
0,210000,2,VA
0,210000,2,VA
0,185000,1,VA
0,60000,2,PA
0,60000,2,PA
0,60000,2,PA
0,150000,2,MD
0,150000,2,MD
0,150000,2,MD
0,150000,2,MD
0,150000,2,MD
0,150000,2,MD
0,150000,2,MD
0,150000,2,MD
0,150000,2,MD
0,150000,2,MD
0,150000,2,MD
0,150000,2,MD
0,150000,2,MD
0,150000,2,MD
0,150000,2,MD
0,150000,2,MD
0,150000,2,MD
0,150000,2,MD
0,150000,2,MD
0,150000,2,MD
0,150000,2,MD
0,150000,2,MD
0,150000,2,MD
0,150000,2,MD
0,150000,2,MD
0,150000,2,MD
0,150000,2,MD
0,150000,0,MD
0,150000,2,MD
0,150000,2,MD
0,150000,2,MD
0,150000,2,MD
0,150000,2,MD
0,150000,2,MD
0,150000,2,MD
0,150000,2,MD
0,150000,2,MD
0,150000,2,MD
0,150000,2,MD
0,150000,2,MD
0,500000,2,HI
0,200000,2,CA
0,200000,2,CA
0,200000,2,CA
0,200000,2,CA
0,200000,2,CA
0,250000,2,AL
0,250000,2,AL
0,250000,2,AL
0,250000,2,AL
0,250000,2,AL
0,160000,1,FL
0,160000,1,FL
1,300000,2,CA
1,130000,2,PA
1,130000,2,PA
1,130000,2,PA
1,130000,2,PA
1,130000,2,PA
0,100000,2,TN
0,180000,1,DE
0,480000,2,CA
0,480000,2,CA
0,480000,2,CA
0,480000,2,CA
0,480000,2,CA
0,480000,2,CA
0,480000,2,CA
0,480000,2,CA
0,480000,2,CA
0,480000,2,CA
0,480000,2,CA
0,480000,2,CA
0,480000,2,CA
0,480000,2,CA
0,480000,2,CA
0,480000,2,CA
0,480000,1,CA
0,480000,2,CA
0,480000,2,CA
0,480000,2,CA
0,480000,2,CA
0,480000,2,CA
0,480000,2,CA
0,480000,2,CA
0,225000,2,VA
0,225000,2,VA
0,225000,2,VA
0,225000,2,VA
0,225000,2,VA
0,452000,0,CA
0,452000,2,CA
0,452000,2,CA
0,452000,2,CA
0,452000,2,CA
0,452000,2,CA
0,452000,2,CA
0,452000,2,CA
0,452000,2,CA
0,452000,2,CA
0,452000,2,CA
0,452000,2,CA
0,452000,2,CA
0,452000,2,CA
0,452000,0,CA
0,452000,0,CA
0,452000,2,CA
0,540000,2,MD
0,540000,2,MD
0,540000,2,MD
0,540000,2,MD
0,200000,1,NV
0,150000,2,WI
0,150000,2,WI
0,150000,2,WI
0,150000,2,WI
0,150000,2,WI
0,515000,2,MD
0,515000,2,MD
0,515000,2,MD
0,515000,2,MD
0,515000,2,MD
0,60000,1,IA
0,420000,1,AZ
0,275000,2,FL
0,70000,1,TX
0,70000,2,TX
0,140000,2,MI
0,140000,2,MI
0,140000,2,MI
0,140000,2,MI
0,140000,2,MI
0,135000,1,MN
0,300000,2,HI
0,225000,2,AZ
0,225000,2,AZ
0,225000,2,AZ
0,225000,2,AZ
0,250000,1,ME
0,250000,1,ME
0,90000,2,AZ
0,139000,1,KS
0,205000,1,TX
0,205000,1,TX
0,135000,2,CO
0,135000,2,CO
0,135000,2,CO
0,135000,2,CT
0,275000,2,SC
1,400000,2,CA
1,400000,1,CA
0,185000,2,LA
0,185000,2,LA
0,185000,2,LA
0,185000,2,LA
0,185000,2,LA
1,60000,2,CO
1,60000,2,CO
1,60000,2,CO
0,250000,2,FL
0,250000,2,FL
0,250000,2,FL
0,250000,2,FL
0,250000,2,FL
0,250000,1,FL
0,250000,2,FL
0,250000,2,FL
0,250000,2,FL
0,250000,2,FL
0,250000,2,FL
0,250000,2,FL
0,250000,2,FL
0,250000,2,FL
0,250000,2,FL
0,250000,2,FL
0,250000,2,FL
0,250000,2,FL
0,250000,2,FL
0,250000,2,FL
0,250000,2,FL
0,250000,2,FL
0,250000,2,FL
0,250000,2,FL
0,250000,2,FL
0,250000,2,FL
0,250000,2,FL
0,250000,2,FL
0,250000,2,FL
0,250000,2,FL
0,250000,2,FL
0,250000,2,FL
0,250000,2,FL
0,250000,2,FL
0,250000,2,FL
0,250000,2,FL
0,250000,2,FL
0,80000,1,AZ
0,125000,1,IA
0,465000,1,CA
0,500000,2,CA
0,500000,2,CA
0,500000,2,CA
0,500000,2,CA
0,500000,2,CA
0,240000,2,CA
0,240000,2,CA
0,240000,2,CA
0,240000,2,CA
0,240000,2,CA
0,240000,2,CA
0,240000,2,CA
0,240000,2,CA
0,240000,2,CA
0,240000,2,CA
0,240000,2,CA
0,240000,2,CA
0,240000,2,CA
0,240000,2,CA
0,240000,2,CA
0,240000,2,CA
0,240000,2,CA
0,240000,2,CA
0,240000,2,CA
0,240000,2,CA
0,240000,2,CA
0,240000,2,CA
0,240000,2,CA
0,240000,2,CA
0,240000,2,CA
0,294000,2,CA
0,275000,1,MO
0,275000,1,MO
0,275000,2,MO
0,275000,2,MO
0,275000,2,MO
0,95000,1,TX
0,95000,2,TX
0,160000,2,MA
0,160000,2,MA
0,160000,2,MA
0,160000,2,MA
0,160000,2,MA
0,160000,1,NY
0,160000,1,NY
0,325000,2,NJ
0,325000,2,NJ
1,98000,2,FL
1,98000,2,FL
1,98000,2,FL
1,98000,2,FL
1,98000,2,FL
0,315000,1,RI
0,95000,2,WI
0,95000,2,WI
0,95000,2,WI
0,218000,1,NC
0,80000,1,TN
0,80000,1,TN
0,195000,1,WI
0,125000,2,NV
0,125000,2,NV
0,70000,1,WA
0,225000,2,MO
0,225000,2,MO
0,250000,2,CO
0,250000,2,CO
0,250000,2,CO
0,250000,2,CO
0,250000,2,CO
0,142000,1,IL
0,150000,2,FL
0,150000,2,FL
0,150000,2,FL
0,150000,2,FL
0,150000,2,FL
0,60000,2,MI
0,60000,2,MI
1,63000,1,OH
0,90000,2,MI
0,90000,2,MI
0,90000,2,MI
0,90000,2,MI
0,90000,2,MI
0,125000,2,PA
0,125000,2,PA
0,125000,2,PA
0,125000,2,PA
1,225000,2,GA
0,180000,2,CO
0,180000,2,CO
0,180000,2,CO
0,180000,2,CO
0,180000,2,CO
0,85000,1,FL
1,145000,2,GA
1,145000,2,GA
1,145000,2,GA
1,145000,2,GA
1,145000,2,GA
0,190000,1,WA
0,525000,1,WA
0,525000,1,WA
0,525000,1,WA
0,525000,1,WA
0,525000,1,WA
0,525000,1,WA
0,225000,2,TX
0,225000,2,TX
1,190000,2,FL
1,190000,2,FL
1,190000,2,FL
1,190000,2,FL
1,190000,2,FL
0,185000,2,NJ
0,185000,2,NJ
0,185000,2,NJ
0,185000,2,NJ
0,185000,2,NJ
0,185000,1,NJ
0,180000,2,NM
0,180000,2,NM
0,180000,2,NM
0,180000,2,NM
0,180000,2,NM
0,180000,2,NM
0,180000,2,NM
0,180000,2,NM
0,275000,2,WA
0,275000,2,WA
0,275000,2,WA
0,275000,2,WA
0,275000,2,WA
0,275000,2,WA
0,275000,2,WA
0,275000,2,WA
0,275000,2,WA
0,275000,2,WA
0,550000,1,HI
0,550000,1,HI
0,305000,1,CO
0,305000,1,CO
0,69000,1,OH
0,190000,2,FL
0,190000,2,FL
0,190000,2,FL
1,240000,1,MD
0,355000,1,SC
0,200000,1,AL
0,200000,1,AL
0,200000,1,AL
0,140000,1,PA
0,90000,2,MD
0,90000,2,MD
0,90000,2,MD
0,90000,2,MD
0,90000,2,MD
0,185000,2,VA
0,185000,2,VA
0,185000,2,VA
0,185000,2,VA
0,185000,2,VA
0,225000,2,NJ
0,225000,2,NJ
0,225000,2,NJ
0,225000,2,NJ
0,260000,1,NJ
0,90000,2,NY
0,90000,2,NY
0,90000,2,NY
0,90000,2,NY
0,90000,2,NY
0,88000,1,PA
0,88000,1,PA
0,88000,1,PA
0,88000,1,PA
0,70000,2,FL
0,70000,2,FL
0,70000,2,FL
0,300000,2,AZ
0,300000,2,AZ
0,300000,2,AZ
0,300000,2,AZ
0,300000,1,AZ
0,300000,2,AZ
0,300000,2,AZ
0,300000,2,AZ
0,300000,2,AZ
0,300000,2,AZ
0,300000,2,AZ
0,300000,2,AZ
0,300000,2,AZ
0,300000,2,AZ
0,300000,2,AZ
0,300000,2,AZ
0,130000,2,MI
0,130000,2,MI
0,130000,2,MI
0,130000,2,MI
0,130000,2,MI
0,130000,2,MI
0,130000,2,MI
0,130000,2,MI
0,130000,2,MI
0,130000,2,MI
0,130000,2,MI
0,130000,2,MI
0,130000,2,MI
0,130000,2,MI
0,130000,2,MI
0,130000,2,MI
0,130000,2,MI
0,130000,2,MI
0,130000,2,MI
0,130000,2,MI
0,130000,2,MI
0,130000,2,MI
0,130000,2,MI
0,130000,2,MI
0,130000,2,MI
0,130000,2,MI
0,130000,2,MI
0,130000,2,MI
0,130000,2,MI
0,130000,2,MI
0,130000,2,MI
0,130000,2,MI
0,130000,2,MI
0,130000,2,MI
0,130000,2,MI
0,130000,2,MI
0,130000,2,MI
0,130000,2,MI
0,130000,2,MI
0,130000,2,MI
0,130000,2,MI
0,130000,2,MI
0,130000,2,MI
0,130000,2,MI
0,130000,2,MI
0,130000,2,MI
0,130000,2,MI
0,130000,2,MI
0,130000,2,MI
0,130000,2,MI
0,130000,2,MI
0,130000,2,MI
0,130000,2,MI
0,130000,2,MI
0,130000,2,MI
0,130000,2,MI
0,115000,1,PA
0,115000,1,PA
0,178000,2,MN
1,205000,1,FL
1,205000,1,FL
0,750000,2,CA
0,750000,2,CA
0,750000,2,CA
0,405000,2,CA
0,405000,2,CA
0,405000,2,CA
0,405000,2,CA
0,405000,2,CA
0,405000,2,CA
0,405000,2,CA
0,405000,2,CA
0,405000,2,CA
0,405000,2,CA
0,405000,2,CA
0,405000,2,CA
0,405000,2,CA
0,405000,2,CA
0,405000,2,CA
0,405000,2,CA
1,170000,2,OH
1,170000,2,OH
0,650000,2,TX
0,650000,2,TX
0,650000,2,TX
0,650000,2,TX
0,650000,2,TX
0,650000,2,TX
0,650000,2,TX
0,650000,2,TX
0,650000,2,TX
0,650000,2,TX
0,650000,2,TX
0,650000,2,TX
0,60000,2,FL
0,60000,0,TX
0,120000,2,PA
0,120000,2,PA
0,120000,2,PA
0,120000,2,PA
0,120000,2,PA
0,200000,2,MO
0,200000,2,MO
0,200000,2,MO
0,200000,1,MO
0,200000,2,MO
0,200000,2,MO
0,200000,2,MO
0,200000,2,MO
0,550000,2,NY
0,550000,2,NY
0,380000,2,CA
0,380000,2,CA
0,380000,2,CA
0,380000,2,CA
0,380000,2,CA
0,380000,2,CA
0,380000,2,CA
0,380000,2,CA
0,380000,2,CA
0,380000,2,CA
0,380000,2,CA
0,380000,2,CA
0,380000,2,CA
0,380000,2,CA
0,380000,2,CA
0,380000,2,CA
0,380000,2,CA
0,380000,2,CA
0,380000,2,CA
0,380000,2,CA
0,380000,2,CA
0,380000,2,CA
0,380000,2,CA
0,380000,2,CA
0,380000,2,CA
0,380000,2,CA
0,380000,2,CA
0,380000,2,CA
0,380000,2,CA
0,380000,2,CA
0,380000,2,CA
0,380000,2,CA
0,380000,2,CA
0,380000,2,CA
0,380000,2,CA
0,380000,2,CA
0,380000,2,CA
0,115000,2,VA
0,115000,2,VA
0,115000,2,VA
0,115000,2,VA
0,115000,2,VA
0,180000,1,MN
1,100000,2,IL
1,100000,2,IL
1,100000,2,IL
1,100000,2,IL
0,325000,2,CA
0,325000,2,CA
0,325000,2,CA
0,325000,2,CA
0,325000,2,CA
0,140000,2,WA
0,140000,2,WA
0,60000,2,TX
0,225000,2,UT
0,225000,2,UT
0,225000,2,UT
0,240000,1,OH
0,240000,1,OH
0,500000,2,CA
0,500000,2,CA
0,500000,2,CA
0,250000,1,TX
0,160000,1,TN
1,280000,2,KY
1,280000,2,KY
1,280000,2,KY
1,280000,2,KY
1,280000,2,KY
0,325000,1,ME
1,70000,1,CA
0,200000,1,GA
0,475000,1,MD
0,65000,2,AZ
0,65000,2,AZ
0,65000,1,AZ
0,65000,1,AZ
0,65000,2,AZ
0,65000,1,AZ
0,65000,2,AZ
0,65000,2,AZ
0,65000,2,AZ
0,65000,2,AZ
0,65000,2,AZ
0,240000,2,CO
0,240000,2,CO
0,240000,2,CO
0,240000,2,CO
0,240000,2,CO
1,225000,1,LA
0,385000,2,FL
0,385000,2,FL
0,385000,2,FL
0,385000,2,FL
0,385000,2,FL
0,385000,2,FL
0,385000,2,FL
0,385000,2,FL
0,385000,2,FL
0,385000,2,FL
0,385000,2,FL
0,385000,2,FL
0,385000,2,FL
0,385000,2,FL
0,385000,2,FL
0,385000,2,FL
0,385000,2,FL
0,385000,2,FL
0,95000,2,FL
0,95000,2,FL
0,95000,2,FL
0,95000,0,FL
0,95000,2,FL
0,95000,0,FL
0,95000,2,FL
0,95000,0,FL
0,95000,2,FL
0,95000,0,FL
0,95000,2,FL
0,95000,2,FL
0,95000,0,FL
0,95000,0,FL
0,95000,0,FL
0,95000,2,FL
0,95000,0,FL
0,95000,0,FL
0,75000,2,GA
0,75000,0,GA
0,75000,0,GA
1,126000,0,FL
1,150000,2,MA
1,150000,0,MA
1,150000,0,MA
1,150000,2,MA
0,155000,0,NM
0,130000,0,NY
0,130000,1,NY
0,130000,2,NY
0,130000,0,NY
0,130000,0,NY
0,130000,0,NY
0,60000,0,MI
0,60000,0,MI
0,60000,2,MI
0,100000,0,CA
0,100000,2,CA
0,100000,2,CA
0,100000,0,CA
0,100000,0,CA
0,100000,0,CA
0,100000,2,CA
0,100000,0,CA
0,100000,0,CA
0,100000,2,CA
0,100000,0,CA
0,100000,0,CA
0,100000,0,CA
0,100000,0,CA
0,100000,0,CA
0,100000,0,CA
0,100000,2,CA
0,100000,2,CA
0,100000,0,CA
0,100000,0,CA
0,100000,2,CA
0,100000,2,CA
0,60000,2,NC
0,60000,2,NC
0,300000,2,TX
0,300000,0,TX
0,300000,2,TX
0,300000,2,TX
0,300000,2,TX
0,300000,2,TX
0,300000,0,TX
0,300000,2,TX
0,300000,0,TX
0,300000,0,TX
0,300000,2,TX
0,300000,0,TX
0,300000,0,TX
0,300000,0,TX
0,300000,2,TX
0,300000,0,TX
0,300000,2,TX
0,300000,0,TX
0,300000,2,TX
0,300000,2,TX
0,300000,2,TX
0,300000,0,TX
0,300000,2,TX
0,300000,2,TX
0,300000,0,TX
0,300000,0,TX
0,300000,2,TX
0,300000,2,TX
0,450000,2,MA
0,450000,0,MA
0,450000,0,MA
0,450000,2,MA
0,450000,0,MA
0,450000,2,MA
0,450000,2,MA
0,450000,0,MA
0,450000,2,MA
0,450000,0,MA
0,450000,2,MA
0,100000,0,NC
0,100000,0,NC
0,100000,0,NC
0,100000,0,NC
0,100000,0,NC
0,160000,0,VA
0,205000,0,TX
0,205000,2,TX
0,205000,2,TX
0,205000,0,TX
0,205000,2,TX
0,110000,0,OH
1,200000,2,AK
1,200000,2,AK
1,200000,2,AK
0,92000,0,NY
0,570000,2,MA
0,570000,2,MA
0,570000,2,MA
0,248000,1,CA
0,120000,1,TX
1,125000,2,WA
1,125000,2,WA
0,274000,2,WA
0,274000,2,WA
0,274000,2,WA
0,274000,2,WA
0,85000,2,IN
0,85000,2,IN
0,85000,2,IN
0,200000,2,NC
0,200000,2,NC
0,200000,2,NC
0,200000,2,NC
0,200000,2,NC
0,95000,2,TX
0,95000,2,TX
0,95000,2,TX
0,95000,2,TX
0,257000,2,FL
0,257000,2,FL
0,257000,2,FL
0,257000,2,FL
0,257000,2,FL
0,257000,2,FL
0,257000,2,FL
0,257000,2,FL
0,257000,2,FL
0,257000,2,FL
0,257000,2,FL
0,257000,2,FL
0,257000,2,FL
0,257000,2,FL
0,257000,2,FL
0,257000,2,FL
0,257000,2,FL
0,257000,2,FL
0,257000,2,FL
0,257000,2,FL
0,257000,2,FL
0,257000,2,FL
0,257000,2,FL
0,951000,2,FL
0,951000,2,FL
0,951000,2,FL
0,951000,2,FL
0,951000,2,FL
0,150000,2,PA
0,150000,2,PA
0,150000,2,PA
0,150000,2,PA
0,150000,2,PA
0,170000,1,NJ
0,140000,2,RI
0,140000,2,RI
0,140000,2,RI
0,140000,2,RI
0,140000,2,RI
0,140000,2,RI
0,140000,2,RI
0,140000,2,RI
0,140000,2,RI
0,140000,2,RI
0,140000,2,RI
0,140000,2,RI
0,140000,2,RI
0,140000,2,RI
0,140000,2,RI
0,140000,2,RI
0,140000,2,RI
0,140000,2,RI
0,140000,2,RI
0,140000,2,RI
0,140000,2,RI
0,140000,2,RI
0,140000,2,RI
0,140000,2,RI
0,140000,2,RI
0,140000,2,RI
0,200000,2,CA
0,200000,2,CA
0,200000,2,CA
0,200000,2,CA
0,200000,2,CA
1,60000,2,NY
1,60000,2,NY
1,60000,2,NY
1,60000,2,NY
1,60000,2,NY
1,60000,2,NY
0,171000,1,OR
0,600000,2,DE
0,600000,2,DE
0,600000,2,DE
0,600000,2,DE
0,600000,2,DE
0,170000,2,CO
0,170000,1,CO
0,170000,1,CO
1,490000,2,CA
1,490000,2,CA
1,490000,2,CA
1,490000,1,CA
1,490000,2,CA
0,300000,2,HI
0,300000,2,HI
0,300000,2,HI
0,300000,2,HI
0,125000,2,TX
0,125000,2,TX
0,125000,2,TX
0,125000,2,TX
0,180000,1,NC
1,140000,2,TX
1,140000,2,TX
1,140000,2,TX
1,140000,2,TX
1,140000,2,TX
0,320000,2,UT
0,320000,2,UT
0,320000,2,UT
0,320000,2,UT
0,320000,2,UT
0,320000,2,UT
0,320000,2,UT
0,320000,2,UT
0,480000,2,LA
0,480000,2,LA
0,480000,2,LA
0,480000,2,LA
0,200000,2,PA
0,200000,2,PA
0,200000,2,PA
0,200000,2,PA
0,200000,2,PA
0,200000,2,PA
0,200000,2,PA
0,200000,2,PA
0,200000,1,PA
0,200000,1,PA
0,180000,1,CO
0,95000,2,IN
0,95000,2,IN
0,95000,2,IN
0,95000,2,IN
0,95000,2,IN
1,275000,1,NJ
1,275000,1,NJ
1,275000,1,NJ
1,275000,1,NJ
0,60000,2,TX
0,60000,2,TX
1,170000,1,MO
0,170000,2,NV
0,170000,2,NV
0,170000,2,NV
0,170000,2,NV
0,170000,2,NV
0,100000,1,TX
0,100000,1,NY
0,120000,1,MI
0,150000,2,NC
0,150000,2,NC
0,150000,2,NC
0,150000,2,NC
0,150000,2,NC
0,190000,2,FL
0,190000,2,FL
0,190000,2,FL
0,190000,2,FL
0,190000,2,FL
0,105000,1,AL
1,510000,2,CA
1,510000,2,CA
1,510000,2,CA
1,510000,2,CA
1,510000,2,CA
1,510000,2,CA
0,128000,1,FL
1,80000,2,TX
1,80000,2,TX
1,80000,2,TX
1,80000,2,TX
1,80000,2,TX
0,110000,1,IN
0,110000,1,IN
0,140000,2,PA
0,140000,2,PA
0,140000,2,PA
0,140000,2,PA
0,140000,2,PA
1,325000,1,CA
1,325000,1,CA
1,325000,1,CA
1,325000,1,CA
1,325000,1,CA
1,325000,1,CA
1,325000,1,CA
1,325000,1,CA
1,325000,1,CA
0,123000,2,FL
0,123000,2,FL
0,123000,2,FL
0,123000,2,FL
0,123000,2,FL
0,123000,2,FL
0,123000,2,FL
0,123000,2,FL
0,135000,2,CT
0,135000,2,CT
0,135000,2,CT
0,135000,2,CT
0,315000,1,CA
0,315000,2,CA
0,315000,2,CA
0,315000,2,CA
1,180000,2,NV
1,180000,2,NV
1,180000,2,NV
1,180000,2,NV
1,180000,2,NV
1,180000,2,NV
1,180000,2,NV
1,180000,2,NV
1,180000,2,NV
1,180000,2,NV
1,180000,2,NV
1,180000,2,NV
1,180000,2,NV
0,375000,2,MD
0,375000,2,MD
0,375000,2,MD
0,375000,2,MD
0,375000,2,MD
0,500000,2,CA
0,500000,2,CA
0,500000,2,CA
0,500000,2,CA
0,500000,2,CA
0,500000,2,CA
0,500000,2,CA
0,500000,2,CA
0,500000,2,CA
0,500000,2,CA
0,500000,2,CA
0,500000,2,CA
0,500000,2,CA
0,500000,2,CA
0,500000,2,CA
0,500000,2,CA
0,500000,2,CA
0,500000,2,CA
0,500000,2,CA
0,500000,2,CA
0,500000,2,CA
0,500000,2,CA
0,500000,2,CA
0,500000,2,CA
0,500000,2,CA
0,500000,2,CA
0,500000,2,CA
0,500000,2,CA
0,500000,2,CA
0,500000,2,CA
0,500000,2,CA
0,500000,2,CA
0,500000,2,CA
0,500000,2,CA
0,500000,2,CA
0,500000,2,CA
0,500000,2,CA
0,500000,2,CA
0,500000,2,CA
0,500000,2,CA
0,500000,2,CA
0,500000,2,CA
0,500000,2,CA
0,500000,2,CA
0,500000,2,CA
0,500000,2,CA
0,85000,2,AZ
0,85000,2,AZ
0,85000,2,AZ
0,185000,1,NY
1,160000,2,FL
1,160000,2,FL
1,160000,2,FL
0,140000,2,NJ
0,140000,2,NJ
0,140000,2,NJ
0,140000,1,NJ
0,140000,2,NJ
0,140000,2,NJ
0,140000,2,NJ
0,140000,2,NJ
0,140000,2,NJ
0,140000,2,NJ
0,140000,2,NJ
0,140000,2,NJ
0,140000,2,NJ
0,140000,2,NJ
0,350000,2,CA
0,350000,2,CA
0,350000,2,CA
0,350000,2,CA
0,350000,2,CA
0,145000,1,TX
0,145000,2,TX
0,145000,2,TX
0,145000,2,TX
0,145000,2,TX
0,145000,2,TX
0,145000,2,TX
0,145000,2,TX
0,145000,2,TX
0,145000,2,TX
0,145000,2,TX
0,145000,2,TX
0,145000,2,TX
0,145000,2,TX
0,145000,2,TX
0,145000,2,TX
0,145000,2,TX
0,145000,2,TX
0,145000,2,TX
0,145000,2,TX
0,145000,2,TX
0,145000,2,TX
0,145000,2,TX
0,145000,2,TX
0,145000,2,TX
0,145000,2,TX
0,145000,2,TX
0,145000,2,TX
0,145000,2,TX
0,145000,2,TX
0,145000,2,TX
0,145000,2,TX
0,145000,2,TX
0,145000,2,TX
0,145000,1,TX
0,145000,2,TX
0,145000,2,TX
0,112000,2,TX
0,110000,1,NC
0,450000,2,CA
0,450000,2,CA
0,450000,2,CA
0,450000,2,CA
0,450000,2,CA
0,450000,2,CA
0,450000,2,CA
0,450000,2,CA
0,450000,2,CA
0,450000,2,CA
0,450000,2,CA
0,450000,2,CA
0,450000,2,CA
0,450000,2,CA
0,450000,2,CA
0,450000,2,CA
0,450000,2,CA
0,450000,2,CA
0,450000,2,CA
0,450000,2,CA
0,450000,2,CA
0,450000,2,CA
0,450000,2,CA
0,450000,2,CA
0,450000,2,CA
0,450000,2,CA
0,450000,2,CA
0,450000,2,CA
0,450000,2,CA
0,450000,2,CA
0,450000,2,CA
0,450000,2,CA
0,450000,2,CA
0,450000,2,CA
0,450000,2,CA
0,450000,2,CA
0,450000,2,CA
0,450000,2,CA
0,450000,2,CA
0,450000,2,CA
0,450000,2,CA
0,450000,2,CA
0,450000,2,CA
0,71999,2,MI
0,71999,2,MI
0,71999,2,MI
0,71999,2,MI
0,71999,2,MI
0,71999,2,MI
0,71999,2,MI
0,71999,2,MI
0,71999,2,MI
0,71999,2,MI
0,71999,2,MI
0,71999,2,MI
0,71999,2,MI
0,71999,2,MI
0,71999,2,MI
0,71999,2,MI
0,71999,2,MI
0,71999,2,MI
0,205000,2,FL
0,178000,2,MN
0,178000,2,MN
0,180000,2,CA
0,180000,2,CA
0,180000,2,CA
0,180000,2,CA
0,180000,2,CA
0,180000,2,CA
0,180000,2,CA
0,180000,2,CA
0,180000,2,CA
0,180000,2,CA
0,180000,2,CA
0,180000,2,CA
0,180000,2,CA
0,180000,2,CA
0,180000,2,CA
0,180000,2,CA
0,180000,2,CA
0,180000,2,CA
0,180000,2,CA
0,180000,2,CA
0,180000,2,CA
0,180000,2,CA
0,180000,2,CA
0,180000,2,CA
0,180000,2,CA
0,180000,2,CA
0,180000,2,CA
0,180000,2,CA
0,180000,2,CA
0,180000,2,CA
0,180000,2,CA
0,180000,2,CA
0,180000,2,CA
0,180000,2,CA
0,180000,2,CA
0,180000,2,CA
0,180000,2,CA
0,450000,1,MD
0,60000,1,PA
0,60000,1,PA
0,60000,1,PA
0,60000,1,PA
1,360000,2,CO
1,360000,2,CO
1,360000,2,CO
1,360000,2,CO
1,360000,2,CO
1,360000,2,CO
1,360000,2,CO
1,360000,2,CO
1,360000,2,CO
1,360000,2,CO
1,360000,2,CO
1,360000,2,CO
1,360000,2,CO
1,360000,2,CO
1,360000,2,CO
1,360000,2,CO
1,360000,2,CO
1,360000,2,CO
1,360000,2,CO
1,360000,2,CO
1,360000,2,CO
1,360000,2,CO
1,360000,2,CO
1,360000,2,CO
1,360000,2,CO
1,360000,2,CO
1,360000,2,CO
1,360000,2,CO
1,360000,2,CO
1,360000,2,CO
1,360000,2,CO
1,360000,2,CO
1,360000,2,CO
1,360000,2,CO
1,360000,2,CO
1,360000,2,CO
1,360000,2,CO
1,360000,2,CO
1,360000,2,CO
1,360000,2,CO
1,360000,2,CO
1,360000,2,CO
1,360000,2,CO
1,360000,2,CO
1,360000,2,CO
1,360000,2,CO
1,360000,2,CO
1,360000,2,CO
0,60000,1,VA
0,150000,2,PA
0,85000,2,GA
0,85000,2,GA
0,85000,2,GA
0,85000,2,GA
0,85000,2,IL
0,85000,2,IL
0,85000,2,IL
0,85000,2,IL
0,85000,2,IL
0,155000,2,NC
0,155000,2,NC
0,155000,2,NC
0,155000,2,NC
0,155000,2,NC
0,60000,2,PA
0,60000,2,PA
0,60000,2,PA
0,60000,2,PA
0,60000,2,PA
0,60000,2,PA
0,60000,2,PA
0,60000,2,PA
0,60000,2,PA
0,60000,2,PA
0,60000,2,PA
0,60000,2,PA
0,60000,2,PA
0,60000,2,PA
0,60000,2,PA
0,60000,2,PA
0,60000,2,PA
0,60000,2,PA
0,60000,2,PA
0,60000,2,PA
0,60000,2,PA
0,60000,2,PA
0,60000,2,PA
1,475000,2,TX
0,320000,2,MA
0,87000,1,CA
0,90000,2,CA
0,90000,2,CA
0,90000,2,CA
0,345000,2,NJ
0,345000,2,NJ
0,345000,2,NJ
0,345000,2,NJ
0,345000,2,NJ
0,315000,2,PA
0,315000,2,PA
0,280000,2,NY
0,280000,2,NY
0,280000,2,NY
0,280000,2,NY
0,280000,2,NY
0,300000,1,NJ
0,300000,1,NJ
1,275000,1,WA
0,220000,1,SC
0,300000,2,MD
0,300000,2,MD
0,300000,2,MD
0,300000,2,MD
0,300000,2,MD
1,135000,2,FL
1,135000,2,FL
1,135000,2,FL
1,135000,2,FL
1,135000,2,FL
1,135000,2,FL
1,135000,2,FL
1,135000,2,FL
1,135000,2,FL
1,135000,2,FL
1,135000,2,FL
1,135000,2,FL
1,135000,2,FL
1,135000,2,FL
1,135000,2,FL
1,135000,2,FL
1,135000,2,FL
1,135000,2,FL
1,135000,2,FL
1,135000,2,FL
1,135000,2,FL
1,135000,2,FL
1,135000,2,FL
1,135000,2,FL
1,135000,2,FL
1,135000,2,FL
1,135000,2,FL
1,135000,2,FL
1,135000,2,FL
1,135000,2,FL
1,135000,2,FL
0,180000,1,TX
0,300000,1,OR
0,300000,1,OR
0,112000,2,TX
0,112000,2,TX
0,112000,2,TX
0,115000,2,AZ
0,115000,2,AZ
0,445000,2,WA
0,445000,2,WA
0,445000,2,WA
0,445000,2,WA
0,445000,2,WA
0,445000,2,WA
0,445000,2,WA
0,445000,2,WA
0,420000,1,WA
0,125000,2,OR
0,125000,2,OR
0,75000,2,PA
0,75000,2,PA
0,75000,2,PA
0,75000,2,PA
0,75000,2,PA
0,560000,1,CA
0,560000,1,CA
0,60000,2,NY
0,60000,2,NY
0,60000,2,NY
0,60000,2,NY
0,295000,2,MA
0,295000,2,MA
0,295000,2,MA
0,295000,2,MA
0,295000,2,MA
0,295000,2,MA
0,295000,2,MA
0,295000,2,MA
0,295000,2,MA
0,295000,2,MA
0,295000,2,MA
0,295000,2,MA
0,295000,2,MA
0,295000,2,MA
0,295000,2,MA
0,295000,2,MA
0,295000,2,MA
0,295000,2,MA
0,1042000,2,NY
0,1042000,2,NY
0,1042000,2,NY
0,1042000,2,NY
0,1042000,2,NY
0,205000,1,MD
0,205000,1,MD
0,60000,2,OH
0,60000,2,OH
0,60000,2,OH
0,60000,2,OH
0,60000,2,OH
0,60000,2,OH
0,60000,2,OH
0,60000,2,OH
0,60000,2,OH
0,60000,2,OH
0,60000,2,OH
0,60000,2,OH
0,60000,2,OH
0,60000,2,OH
0,160000,1,PA
0,160000,1,PA
0,200000,1,GA
0,180000,2,FL
0,180000,1,FL
0,80000,2,NJ
0,80000,2,NJ
0,80000,2,NJ
0,115000,1,ME
0,225000,2,FL
0,190000,1,NJ
0,190000,1,NJ
0,375000,2,NY
0,375000,2,NY
0,375000,2,NY
0,375000,2,NY
0,375000,2,NY
0,375000,2,NY
0,375000,2,NY
0,375000,2,NY
0,375000,2,NY
0,375000,2,NY
0,375000,2,NY
0,60000,2,WI
0,60000,2,WI
0,320000,1,FL
1,60000,2,IL
1,60000,2,IL
0,250000,1,FL
0,100000,2,AL
0,100000,2,AL
0,100000,2,AL
0,100000,2,AL
0,100000,2,AL
0,320000,2,CA
0,320000,2,CA
0,320000,2,CA
0,320000,2,CA
0,320000,2,CA
0,110000,1,NJ
1,180000,1,WA
0,300000,2,AZ
0,300000,2,AZ
0,300000,2,AZ
0,300000,2,AZ
0,300000,2,AZ
1,275000,2,VA
0,315000,1,CO
0,680000,2,TX
0,680000,2,TX
1,80000,1,MA
0,225000,2,IN
0,225000,2,IN
0,225000,2,IN
0,225000,2,IN
0,225000,2,IN
0,70000,1,FL
0,70000,2,OH
0,70000,2,OH
0,70000,2,OH
0,130000,1,TX
0,450000,2,CA
0,450000,2,CA
0,450000,2,CA
0,450000,2,CA
0,450000,2,CA
0,450000,2,CA
0,450000,2,CA
0,450000,2,CA
0,450000,2,CA
0,450000,2,CA
0,450000,2,CA
0,450000,2,CA
0,450000,2,CA
0,450000,2,CA
0,450000,2,CA
0,450000,2,CA
0,450000,2,CA
0,450000,2,CA
0,450000,2,CA
0,450000,2,CA
0,450000,2,CA
0,450000,2,CA
0,450000,2,CA
0,450000,2,CA
0,450000,2,CA
0,450000,2,CA
0,450000,2,CA
0,450000,2,CA
0,450000,2,CA
0,450000,2,CA
0,450000,1,CA
0,450000,2,CA
0,450000,2,CA
0,450000,2,CA
0,450000,2,CA
0,450000,2,CA
0,450000,2,CA
0,450000,2,CA
0,450000,2,CA
0,450000,2,CA
0,450000,2,CA
0,450000,2,CA
0,450000,2,CA
0,450000,2,CA
0,450000,2,CA
0,450000,2,CA
0,450000,2,CA
0,450000,2,CA
0,450000,2,CA
0,450000,2,CA
0,450000,2,CA
0,450000,2,CA
0,450000,2,CA
0,450000,2,CA
0,450000,2,CA
0,450000,2,CA
0,450000,2,CA
0,450000,2,CA
0,450000,2,CA
0,450000,2,CA
0,450000,2,CA
0,450000,2,CA
0,450000,2,CA
0,450000,2,CA
0,450000,2,CA
0,450000,2,CA
0,450000,2,CA
0,70000,2,PA
0,75000,2,OH
0,75000,2,OH
0,75000,2,OH
0,75000,2,OH
0,75000,2,OH
0,90000,2,IL
0,200000,1,FL
0,190000,1,IA
0,452000,2,CA
1,440000,2,GA
1,440000,2,GA
1,440000,2,GA
1,85000,1,AL
1,90000,2,MD
0,180000,2,MA
0,180000,2,MA
0,220000,2,IL
0,220000,2,IL
0,70000,1,MI
0,71999,1,MI
0,71999,1,MI
1,405000,2,CA
0,75000,1,FL
0,75000,1,FL
0,210000,2,IL
0,210000,2,IL
0,210000,2,IL
0,210000,2,IL
0,210000,2,IL
0,870000,2,CA
0,870000,2,CA
0,870000,2,CA
0,870000,2,CA
0,870000,2,CA
0,160000,2,OH
0,105000,2,CT
0,105000,2,CT
0,105000,2,CT
0,105000,2,CT
0,210000,1,CA
1,189000,2,NV
1,189000,2,NV
1,189000,2,NV
1,189000,2,NV
0,160000,2,FL
0,160000,2,FL
0,160000,2,FL
0,160000,2,FL
0,160000,2,FL
0,160000,2,FL
0,160000,2,FL
0,160000,2,FL
0,160000,2,FL
0,160000,2,FL
0,160000,2,FL
0,160000,2,FL
0,160000,2,FL
0,160000,2,FL
0,160000,2,FL
0,160000,2,FL
0,160000,2,FL
0,160000,2,FL
0,160000,2,FL
0,160000,2,FL
0,160000,2,FL
0,160000,2,FL
0,160000,2,FL
0,160000,2,FL
0,160000,2,FL
0,170000,1,FL
0,170000,2,FL
0,85000,1,OH
0,140000,1,FL
0,116000,1,OH
1,110000,1,AL
0,60000,1,AL
0,310000,1,GA
0,180000,1,FL
0,190000,1,KY
1,365000,1,FL
0,60000,1,CA
0,115000,1,FL
0,160000,1,TX
0,130000,1,GA
1,75000,1,MI
0,61000,1,OH
0,110000,1,FL
0,250000,1,OK
0,450000,1,NV
0,190000,1,AZ
0,130000,1,NC
0,150000,1,MI
0,102000,1,TX
1,60000,1,IL
0,150000,1,GA
0,150000,1,GA
0,150000,1,GA
0,160000,1,CT
0,100000,1,MS
0,130000,1,NC
0,151999,1,MA
0,130000,1,NC
0,80000,1,CT
0,450000,1,CA
0,300000,1,NJ
0,300000,1,NJ
0,90000,1,GA
0,185000,1,VA
0,360000,1,NJ
0,115000,1,OR
0,200000,1,CO
0,250000,1,CO
0,250000,1,CO
0,60000,1,NY
0,275000,1,FL
0,210000,1,CA
0,98000,1,CA
0,90000,1,KY
0,90000,1,MO
0,95000,1,TX
0,130000,1,PA
1,550000,1,NY
0,200000,1,GA
0,105000,1,NJ
1,510000,1,TN
0,105000,1,NV
0,90000,1,NY
0,250000,1,WA
0,250000,1,IN
1,125000,1,TX
0,85000,1,IN
0,85000,1,IN
0,85000,1,IN
0,60000,1,CA
0,60000,1,CA
0,60000,1,CA
0,150000,1,MD
0,225000,1,VA
0,350000,1,TX
1,150000,1,AR
1,150000,1,AR
0,100000,1,TX
0,60000,1,MS
0,200000,1,KY
0,170000,1,NH
0,350000,1,NY
0,350000,1,NY
0,350000,1,NY
0,350000,1,NY
0,210000,1,TX
0,210000,1,TX
0,210000,1,TX
0,60000,1,PA
0,445000,1,ND
0,260000,1,PA
0,180000,1,FL
0,110000,1,AZ
0,60000,1,TX
0,60000,1,TX
0,500000,1,AZ
0,500000,1,AZ
0,500000,1,AZ
0,240000,1,NY
0,375000,1,PA
0,75000,1,VA
0,75000,1,VA
0,100000,1,CO
0,135000,1,FL
0,65000,1,PA
0,180000,1,WA
0,220000,1,AZ
0,275000,1,OR
0,225000,1,MA
0,190000,1,NJ
0,139000,1,TX
0,470000,1,MD
0,95000,1,TX
0,315000,1,CA
0,200000,1,OR
0,200000,1,VA
0,275000,1,CA
0,275000,1,CA
1,90000,1,MO
0,260000,1,PA
0,550000,1,CA
0,80000,1,NJ
0,70000,1,VA
0,238000,1,NC
0,238000,1,NC
0,100000,1,FL
0,100000,1,FL
0,100000,1,FL
1,275000,1,CA
1,275000,1,CA
0,200000,1,FL
0,340000,1,IL
0,400000,1,NV
0,200000,1,FL
0,113000,1,GA
0,400000,1,VA
0,275000,1,CA
0,115000,1,LA
0,320000,1,VA
0,320000,1,VA
0,140000,1,TX
0,115000,1,LA
0,140000,1,AZ
0,300000,1,CA
0,150000,1,IL
0,180000,1,OK
0,180000,1,OK
0,80000,1,MO
1,502000,1,CA
0,680000,1,CA
0,60000,1,AL
0,60000,1,AL
0,60000,1,AL
0,212000,1,NJ
0,212000,1,NJ
1,135000,1,AK
0,140000,1,HI
0,84000,1,SD
0,240000,1,SC
0,200000,1,NJ
0,275000,1,NY
1,190000,1,CA
0,65000,1,GA
0,96000,1,NC
0,96000,1,NC
0,250000,1,CA
0,120000,1,TX
0,75000,1,NC
0,281000,1,MA
0,60000,1,NY
1,250000,1,NY
0,200000,1,CA
0,190000,1,OH
0,150000,1,PA
0,350000,1,CA
0,350000,1,CA
0,124000,1,CA
0,600000,1,CA
0,65000,1,GA
0,200000,1,NY
1,690000,1,CA
0,170000,1,OR
0,170000,1,OR
0,325000,1,WI
0,80000,1,MI
0,450000,1,CA
0,375000,1,CO
0,135000,1,MN
0,425000,1,WA
0,360000,1,TX
0,360000,1,TX
0,250000,1,CA
0,180000,1,WA
0,225000,1,AZ
0,250000,1,IL
0,170000,1,AZ
0,170000,1,AZ
0,300000,1,FL
0,50000,1,NC
0,146000,1,MO
0,170000,1,FL
0,92000,1,PA
0,110000,1,FL
0,110000,1,FL
0,220000,1,PA
0,190000,1,GA
0,155000,1,CA
0,105000,1,GA
0,190000,1,MA
0,75000,1,LA
0,166000,1,ME
0,400000,1,FL
1,120000,1,MO
0,120000,1,FL
0,120000,1,FL
0,180000,1,TX
0,170000,1,AZ
0,70000,1,NC
0,115000,1,SC
0,35000,1,NY
1,80000,1,MN
0,160000,1,GA
0,75000,1,NC
0,140000,1,FL
0,65000,1,TX
0,65000,1,TX
0,65000,1,TX
0,100000,1,FL
0,130000,1,NJ
1,55000,1,NV
0,350000,1,SC
0,130000,1,UT
0,130000,1,UT
1,140000,1,TN
0,130000,1,CA
0,230000,1,TX
0,100000,1,CA
0,10000,1,CA
0,10000,1,CA
0,200000,1,FL
0,130000,1,WI
0,60000,1,PA
0,87000,1,AZ
0,170000,1,WA
1,95000,1,MD
0,325000,1,CO
0,325000,1,CO
0,225000,1,TN
0,200000,1,LA
0,130000,1,SC
0,180000,1,CA
0,180000,1,CA
0,925000,1,CA
0,140000,1,CA
0,140000,1,FL
0,95000,1,MI
0,300000,1,CA
0,300000,1,CA
0,95000,1,IN
0,128000,1,NY
0,150000,1,NC
0,378000,1,WA
0,225000,1,FL
0,95000,1,MI
0,225000,1,WA
0,175000,1,CA
0,180000,1,TX
0,10000,1,GA
0,75000,1,FL
0,480000,1,IL
0,480000,1,IL
0,255000,1,CO
0,105000,1,IN
0,298000,1,IL
0,298000,1,IL
0,298000,1,IL
0,350000,1,NY
0,65000,1,OK
0,237000,1,CO
0,237000,1,CO
0,465000,1,CO
0,10000,1,OH
0,70000,1,PA
0,70000,1,PA
0,70000,1,PA
0,270000,1,CO
0,145000,1,MD
0,140000,1,LA
0,125000,1,MT
0,275000,1,CO
0,200000,1,TX
0,200000,1,TX
0,250000,1,CO
0,325000,1,WI
0,500000,1,WA
0,380000,1,CA
0,95000,1,CA
0,170000,1,NC
0,170000,1,NC
0,170000,1,NC
0,170000,1,NC
0,230002,1,KY
0,230002,1,KY
0,245002,1,AZ
0,245002,1,AZ
0,245002,1,AZ
1,315002,1,NC
0,45000,1,NC
0,225001,1,NJ
0,250001,1,FL
0,115001,1,TX
0,550001,1,CA
0,170001,1,MA
1,150001,1,WY
1,190001,1,MO
0,115002,1,OH
0,115002,1,OH
0,115002,1,OH
0,115002,1,OH
1,170001,1,WA
0,570001,1,DC
0,95001,1,TX
1,160001,1,TX
1,140001,1,FL
0,190001,1,IL
0,170001,1,OH
0,130001,1,NC
0,360002,1,MN
1,475001,1,AL
0,175002,1,MD
0,325001,1,FL
0,365001,1,DC
0,365001,1,DC
0,365001,1,DC
0,365001,1,DC
0,140001,1,MN
0,300001,1,IL
0,65001,1,NC
0,130001,1,NC
0,140001,1,CA
0,375001,1,MA
0,270002,1,IL
1,490002,1,NC
0,215001,1,GA
0,215001,1,GA
0,215001,1,GA
0,215001,1,GA
0,50001,1,TX
0,100001,1,TN
0,190001,1,TX
0,200001,1,FL
0,75001,1,TX
0,75001,1,TX
0,100001,1,FL
1,480002,1,TX
1,230002,1,TX
1,450001,1,MD
1,450001,1,MD
0,40001,1,TX
0,95001,1,SC
0,250001,1,MI
0,250001,1,MI
0,290001,1,IL
0,180001,1,CA
0,170000,1,CA
0,115002,1,MI
1,90001,1,KY
0,225001,1,CA
0,220002,1,VA
0,90002,1,NC
0,110001,1,KY
0,275001,1,IN
0,275001,1,IN
0,275001,1,IN
0,130001,1,OH
0,160001,1,GA
0,155001,1,CA
0,75001,1,TX
0,75001,1,TX
0,100001,1,GA
0,110001,1,VA
0,80001,1,NE
1,375001,1,DE
0,100002,1,FL
0,200001,1,SC
1,90001,1,OK
1,160001,1,NY
1,160001,1,NY
0,20001,1,PA
0,335002,1,IL
0,345001,1,NJ
0,260001,1,TX
0,580001,1,UT
0,260001,1,KS
0,125001,1,FL
0,150002,1,NY
0,60001,1,NC
0,140001,1,PA
1,170001,1,PA
1,170001,1,PA
0,215001,1,FL
1,225001,1,CA
1,225001,1,CA
0,160001,1,MI
1,115001,1,KS
0,475001,1,CA
0,475001,1,CA
0,550002,1,CA
0,165001,1,TN
0,255001,1,CA
0,170001,1,NC
0,170001,1,NC
0,95001,1,FL
0,350001,1,MA
1,170001,1,FL
0,315002,1,TX
0,565002,1,WA
0,235002,1,UT
0,235002,1,UT
0,115001,1,TN
1,40001,1,AL
0,65001,1,SC
0,115001,1,FL
0,200001,1,OH
0,100001,1,LA
0,90002,1,OK
0,115001,1,NC
0,445002,1,MD
0,60001,1,NC
1,140002,1,PA
1,100001,1,OH
0,150001,1,FL
0,80002,1,NE
1,160001,1,FL
0,250001,1,NV
0,105001,1,TX
0,170001,1,NJ
0,150001,1,MI
0,150001,1,MI
0,150001,1,MI
0,375001,1,NV
0,375001,1,NV
0,375001,1,NV
0,135001,1,FL
0,120001,1,NE
0,100001,1,SC
0,225001,1,PA
0,225001,1,PA
0,225001,1,PA
0,225001,1,PA
0,280002,1,CA
1,190001,1,NY
0,315001,1,CO
1,395001,1,NV
1,330001,1,CA
1,330001,1,CA
0,115001,1,MI
0,150000,1,TX
0,150000,1,TX
0,150000,1,TX
0,110001,1,KS
0,265001,1,CA
0,200001,1,FL
1,90001,1,FL
1,85001,1,AZ
0,0,1,OR
0,150001,1,PA
1,225001,1,MA
0,0,1,MA
0,0,1,MI
0,0,1,MI
0,0,1,IN
0,0,1,WV
0,0,1,FL
0,120001,1,GA
0,85001,1,WV
0,85001,1,WV
0,0,1,OH
0,0,1,NC
0,0,1,MS
1,0,1,MI
0,225001,1,AZ
0,0,1,SC
0,0,1,GA
0,0,1,GA
1,0,1,TN
0,0,1,NY
0,0,1,NY
0,0,1,TX
1,145001,1,AZ
0,100001,1,AZ
0,0,1,PA
0,0,1,TN
0,0,1,TX
0,150001,1,NJ
0,180001,1,FL
0,105001,1,NY
0,0,1,MI
0,0,1,MI
0,0,1,GA
0,0,1,GA
1,0,1,FL
0,0,1,WI
0,275001,1,NV
0,310001,1,CA
0,0,1,IN
0,0,1,AR
0,0,1,TX
0,0,1,TX
0,0,1,TX
0,20001,1,CO
0,0,1,CA
1,0,1,GA
0,50000,1,OH
0,0,1,MD
0,0,1,FL
0,0,1,AK
1,0,1,MD
0,65000,1,FL
0,375001,1,MA
1,0,1,OH
0,135001,1,NC
1,165001,1,CA
1,165001,1,CA
1,165001,1,CA
1,165001,1,CA
1,165001,1,CA
0,0,1,PA
0,0,1,VA
0,0,1,FL
0,0,1,PA
0,0,1,PA
1,35001,1,NJ
0,110001,1,VT
0,0,1,AZ
0,0,1,TX
0,0,1,SC
0,0,1,IA
0,0,1,FL
0,0,1,NY
0,0,1,WI
0,90001,1,NC
0,0,1,FL
0,0,1,TX
0,535001,1,CA
0,285001,1,CA
0,285001,1,CA
0,285001,1,CA
0,285001,1,CA
0,285001,1,CA
1,0,1,NJ
0,215001,1,OR
0,0,1,LA
1,0,1,TX
1,0,1,TX
0,0,1,MI
1,70001,1,LA
0,475001,1,MA
0,0,1,NJ
0,0,1,OH
0,0,1,KY
0,0,1,GA
1,0,1,LA
0,120001,1,OH
0,0,1,OH
0,0,1,FL
0,0,1,NY
1,0,1,OR
1,0,1,KY
0,0,1,TX
0,150001,1,TN
1,150001,1,NJ
0,80001,1,NJ
1,555001,1,CA
0,300001,1,CA
0,0,1,TX
0,175001,1,MO
0,175001,1,MO
0,0,1,FL
0,0,1,FL
0,300001,1,OR
0,0,1,MI
0,650001,1,DC
0,650001,1,CA
0,0,1,MO
0,0,1,MO
0,50001,1,MI
0,115001,1,NJ
1,375001,1,FL
0,0,1,OR
0,0,1,TX
0,150001,1,PA
0,0,1,CA
0,0,1,CA
0,0,1,NC
0,0,1,NC
0,190001,1,TX
0,190001,1,TX
0,190001,1,TX
0,190001,1,TX
0,80001,1,TX
0,0,1,MN
0,0,1,MN
1,170000,1,CA
0,0,1,TX
0,0,1,TX
0,0,1,WA
0,0,1,WA
0,0,1,FL
1,0,1,CO
0,0,1,IN
1,130001,1,ND
0,0,1,OH
1,0,1,OH
0,195001,1,TX
0,0,1,PA
0,30001,1,TN
0,435001,1,NY
1,475001,1,FL
0,0,1,AZ
1,70001,1,VA
1,70001,1,VA
0,80001,1,MD
0,80001,1,MD
0,60001,1,MN
0,0,1,OH
0,0,1,CA
0,0,1,CA
0,0,1,WA
0,0,1,TX
0,0,1,NC
0,120001,1,NC
0,425001,1,CA
1,0,1,VA
0,50001,0,VA
1,140001,1,OR
0,0,1,FL
0,0,1,AZ
0,700001,1,CA
0,170001,1,ID
1,50001,1,MI
1,50001,1,MI
1,105001,1,GA
0,0,1,WI
0,225001,1,VA
0,0,1,IN
0,0,1,IN
0,0,1,CO
0,140001,1,IL
1,0,1,LA
0,0,1,TN
1,65001,1,VA
1,65001,1,VA
0,190001,1,FL
0,150001,1,FL
0,100001,1,FL
0,50001,1,FL
0,0,1,NC
0,225001,1,AR
0,225001,1,AR
0,0,1,SC
0,440001,1,IL
0,0,1,UT
0,100001,1,FL
0,80001,1,MO
0,0,1,FL
0,0,1,TX
0,0,1,NY
1,0,1,IL
1,130001,1,OH
0,0,1,TX
1,325001,1,CO
0,0,1,FL
0,390001,1,GA
0,0,1,OH
0,135001,1,TX
1,0,1,NY
0,135001,1,GA
1,520001,1,CA
0,50000,1,NC
0,50001,1,OH
0,50001,1,OH
0,180001,1,MO
0,415001,1,CA
0,415001,1,CA
0,210001,1,CA
0,205001,1,KY
0,0,1,MI
0,0,1,TX
0,500001,1,CA
0,500001,1,CA
0,0,1,PA
0,0,1,CT
0,0,1,MI
0,275001,1,NV
0,0,1,NJ
0,0,1,NY
0,0,1,NY
0,0,1,NY
0,0,1,KS
0,0,1,NV
0,105001,1,WI
0,0,0,CA
0,0,1,CA
0,550001,0,CA
1,85001,1,CA
1,85001,1,CA
0,0,1,MN
0,225001,1,FL
0,0,1,FL
0,0,1,MA
0,0,1,VA
0,0,1,MO
0,0,0,FL
0,0,1,CA
0,0,1,NY
1,120001,1,NC
0,0,1,MD
0,150001,1,FL
0,0,1,GA
0,70001,1,FL
0,400001,1,NJ
0,0,1,TX
0,0,1,PA
0,0,1,OH
0,85001,1,TX
0,200001,1,NC
1,325001,1,VA
0,0,1,KS
0,0,1,CA
0,0,1,CA
0,0,1,CA
0,0,1,LA
0,0,1,FL
0,800001,1,CA
1,0,1,TX
0,100001,1,KY
0,0,1,WA
0,75001,1,TX
0,0,1,IL
0,90001,1,TX
0,90001,1,TX
0,0,1,NC
0,0,1,NC
0,0,1,MI
0,0,1,OH
0,0,1,FL
0,0,1,FL
1,0,1,TX
0,0,1,GA
0,0,1,IA
1,70001,1,LA
0,0,1,GA
0,0,1,TX
0,0,0,OR
0,80001,1,CA
0,145001,1,GA
1,140001,1,WI
1,140001,1,WI
0,0,1,CA
0,90001,1,WA
0,0,1,FL
0,0,1,MD
0,0,1,MN
0,225001,1,MI
0,225001,1,MI
1,0,1,NC
0,0,1,TX
0,0,1,MO
0,0,1,MO
0,0,1,FL
0,0,1,WA
1,0,1,MN
0,0,1,WI
1,85001,1,GA
0,0,1,TX
1,0,1,FL
0,0,1,FL
0,250001,1,KY
0,115001,1,SC
0,85001,1,TN
0,245001,1,NC
0,60000,1,PA
0,210001,1,FL
0,0,1,TX
0,275001,1,CA
1,0,1,AL
0,30001,1,OH
0,0,1,WA
0,600001,1,NY
0,0,1,OH
0,0,1,OH
0,180001,1,AZ
0,175001,1,TX
1,150001,1,MA
0,50000,1,IL
0,125001,1,IN
0,165001,1,SC
0,0,1,IL
0,180001,1,CA
0,0,1,CO
0,0,1,CA
0,0,1,OH
0,0,1,OK
0,0,1,HI
0,0,1,MN
0,70001,1,SC
0,0,0,NY
0,0,1,AZ
0,0,1,NC
0,0,1,NC
0,125001,1,MI
0,0,1,FL
1,0,1,NV
0,150001,1,SD
0,120001,1,NJ
0,0,1,FL
0,0,1,DE
1,150001,1,KS
0,0,1,CT
0,75001,1,FL
0,0,1,TN
0,0,1,MO
0,0,1,MO
0,0,1,WV
0,75001,1,NY
0,55001,1,SC
1,0,1,AZ
0,0,1,OH
1,0,1,TX
0,0,1,GA
0,0,1,NC
0,0,1,FL
0,50001,1,NC
0,0,1,FL
0,0,1,FL
0,0,1,TN
0,375001,1,NY
0,0,1,MO
0,180001,1,SC
0,0,1,FL
0,0,1,AZ
0,0,1,PA
0,0,1,NY
1,150001,1,OR
0,310001,1,TX
0,350001,1,VA
1,0,1,FL
0,0,1,MI
0,250001,1,NJ
0,300001,1,CA
0,300001,1,CA
0,300001,1,CA
0,300001,1,CA
0,300001,1,CA
0,155001,1,CA
0,155001,1,CA
0,0,1,IL
0,160001,1,OH
0,220001,1,CA
1,30001,1,FL
0,200001,1,CA
0,0,1,PA
1,0,1,OH
0,0,1,GA
0,0,1,IL
0,0,1,IA
0,95001,1,MI
0,65001,1,MI
0,60001,1,NC
0,60001,1,NC
0,0,1,GA
0,140001,1,GA
0,140001,1,GA
0,0,1,TX
0,0,1,TX
0,0,1,NV
1,180001,1,NM
0,235001,1,NV
0,235001,1,NV
0,235001,1,NV
0,235001,1,NV
0,235001,1,NV
0,0,1,TX
0,0,1,OH
0,0,1,MI
0,190001,1,MA
0,0,1,FL
0,0,1,CA
0,0,1,VA
0,0,1,TX
0,0,1,OH
0,0,1,CA
1,140001,1,CA
1,0,1,FL
1,0,1,FL
0,0,1,CA
0,0,1,TX
0,0,1,TN
0,125001,1,FL
0,70001,1,MI
0,250001,1,TX
0,0,1,NC
0,0,1,WV
0,0,1,CA
0,0,1,VA
0,0,1,SC
0,400001,1,NY
1,100001,1,NC
0,150001,1,AZ
0,200001,1,MS
1,0,1,NC
0,0,1,TN
0,0,1,VA
0,0,1,IL
0,165001,1,NH
0,300001,1,MN
0,165001,1,NC
0,250001,1,TX
0,100001,1,TX
0,750001,1,OH
0,0,1,FL
0,35001,1,TN
0,0,1,CT
0,0,1,OH
0,200001,1,CA
0,0,1,TX
0,0,1,TX
0,0,1,PA
0,0,1,CA
0,135001,1,NC
0,210001,1,NV
0,300001,1,TN
0,0,1,NY
0,0,1,CA
0,0,1,OH
0,0,1,FL
1,205001,1,NC
0,0,1,OH
0,0,1,MO
0,0,1,IN
0,300001,1,MA
1,0,1,AZ
1,0,1,AZ
0,355001,1,CA
0,80001,1,NM
0,0,1,MD
0,0,1,ID
0,0,1,TX
1,250001,1,CO
0,0,1,CA
0,0,1,TN
0,130001,1,IL
0,290001,1,NC
1,0,1,WA
1,0,1,WA
0,400001,1,CA
0,500001,1,CA
0,0,1,CO
0,0,1,NC
0,0,1,NY
1,0,1,IL
1,55001,1,GA
1,0,1,TX
0,0,1,IL
0,0,1,OK
1,150001,1,AR
1,30001,1,KY
0,0,1,TX
0,0,1,MA
0,0,1,FL
0,0,1,NC
1,0,1,TX
0,35000,1,MO
0,0,1,MI
0,0,1,NC
0,0,1,WA
0,0,1,WA
0,15000,1,FL
0,0,1,CO
0,40001,1,NC
1,0,1,VA
1,150001,1,CA
1,150001,1,CA
0,0,1,OH
0,0,1,OH
0,140001,1,MD
0,0,1,KY
0,50001,1,TN
0,175001,1,MA
0,175001,1,MA
0,0,1,PA
0,0,1,NY
0,0,1,SC
0,0,1,NJ
0,215001,1,TX
0,0,1,PA
1,100001,1,IL
0,0,1,OK
1,130001,1,KY
0,45001,1,NM
0,90001,1,TX
0,295001,1,MA
0,0,1,OR
0,0,1,TN
0,0,1,CA
0,0,1,MI
0,65001,1,KS
0,170001,1,TX
0,0,1,FL
0,0,1,CA
0,0,1,WA
0,615001,1,NJ
0,1000001,1,CA
0,1000001,1,CA
0,275001,1,NJ
0,100001,1,MO
0,0,1,NY
0,85001,1,TX
1,0,1,LA
0,160001,1,MO
1,0,1,MO
0,600001,1,VA
0,210001,1,TX
0,210001,1,TX
0,225001,1,MI
0,210001,1,FL
0,340001,1,NY
0,370001,1,TX
0,370001,1,TX
0,0,1,TX
0,350001,1,TN
0,60001,1,MI
0,0,1,NM
0,60001,1,OK
0,0,1,TX
0,0,1,FL
0,0,1,TN
0,150001,1,NM
0,650001,1,CA
1,30001,1,FL
0,0,1,OH
0,0,1,DE
1,80001,1,OH
0,660001,1,CA
0,0,1,GA
1,0,1,LA
0,0,1,TX
1,60001,1,TX
0,0,1,TX
0,0,1,AL
0,0,1,TX
0,0,1,NY
0,0,1,PA
0,0,1,CA
0,0,1,CA
1,390001,1,OR
0,155001,1,CA
1,0,1,OK
1,1000001,1,NC
0,0,1,VA
0,0,1,NE
0,565001,1,NJ
0,0,1,PA
1,145001,1,IN
0,0,1,TX
1,70001,1,TN
1,0,1,AL
0,0,1,FL
0,450001,1,CA
0,95001,1,KY
0,0,1,CA
0,160001,1,NC
0,160001,1,NC
0,0,1,FL
0,230000,1,NJ
1,300001,1,CA
0,30000,1,IN
1,150000,1,AZ
0,0,1,MN
0,0,1,TX
0,170001,1,TX
1,145001,1,CO
0,0,1,NY
0,375001,1,MA
0,95001,1,IN
0,60001,1,KS
0,60001,1,CA
1,70001,1,LA
1,220001,1,DE
0,430001,1,CA
0,50001,1,DE
0,50001,1,DE
0,50001,1,DE
0,50001,1,DE
0,80001,1,WV
0,100001,1,TX
1,80001,1,NC
1,95001,1,KY
1,95001,1,KY
0,225001,1,MN
0,225001,1,MN
0,225001,1,MN
0,225001,1,MN
0,100001,1,CA
0,140001,1,GA
0,140001,1,GA
0,150001,1,AK
0,480001,1,CA
0,10001,1,IN
0,90001,1,CA
0,90001,1,CA
0,90001,1,CA
0,90001,1,CA
0,750001,1,CA
0,180001,1,AR
1,200001,1,CA
0,175001,1,NV
0,95001,1,OH
0,80001,1,AL
0,115001,1,MO
0,200001,1,NJ
0,200001,1,NJ
0,200001,1,NJ
0,200001,1,NJ
0,200001,1,NJ
0,95001,1,GA
0,30001,1,TX
0,140001,1,TX
0,30001,1,OH
1,275001,1,TX
1,275001,1,TX
1,275001,1,TX
1,275001,1,TX
1,275001,1,TX
0,60001,1,CA
0,60001,1,CA
0,190001,1,NC
0,275001,1,CA
0,105001,1,GA
0,105001,1,GA
0,425001,1,CA
0,30001,1,CA
0,600001,1,HI
0,25001,1,TX
0,70001,1,MI
1,225001,1,PA
1,190001,1,CO
0,50001,1,IL
0,130001,1,KS
1,350001,1,CA
0,105001,1,IN
0,115001,1,TN
0,425001,1,CA
0,235001,1,CA
0,90001,1,WV
0,115001,1,TX
0,190001,1,TX
0,105001,1,AR
0,160001,1,RI
0,160001,1,RI
0,160001,1,RI
1,375001,1,FL
1,375001,1,FL
0,65001,1,VA
0,150001,1,FL
1,190001,1,WI
0,55001,1,MI
0,10000,1,FL
0,225001,1,IL
0,150001,1,NJ
0,90001,1,GA
0,90001,1,GA
1,65001,1,FL
0,225001,1,WI
0,330001,1,CA
0,185001,1,TX
0,105001,1,GA
0,250001,1,OR
0,130001,1,IL
0,130001,1,IL
0,300001,1,IL
0,450001,1,CA
0,250001,1,TX
1,80001,1,ID
0,115001,1,CA
0,100001,1,CA
1,40001,1,TX
0,120001,1,TX
0,45001,1,TX
0,150001,1,ID
0,130001,1,FL
0,180001,1,NH
0,70001,1,TN
0,120001,1,FL
0,150001,1,FL
0,180001,1,WA
1,225001,1,OH
1,225001,1,OH
1,95001,1,TX
0,245001,1,VA
0,300001,1,CO
0,180001,1,PA
0,200001,1,TX
0,160001,1,NV
0,250001,1,WA
0,75001,1,PA
0,75001,1,PA
0,275001,1,TX
0,245001,1,OR
0,40001,1,MO
0,400001,1,WA
1,175001,1,UT
0,10000,1,CA
0,10000,1,CA
0,10000,1,CA
0,175001,1,TX
0,95001,1,CO
0,320001,1,OR
0,320001,1,OR
1,80001,1,SC
1,80001,1,SC
0,350001,1,CA
0,295001,1,CA
0,195001,1,VA
1,710001,1,WA
1,275001,1,OH
0,230001,1,CA
0,180001,1,DE
0,180001,1,DE
0,85001,1,KY
0,180001,1,IL
0,245001,1,TX
0,245001,1,TX
0,480001,1,CA
0,480001,1,CA
0,170001,1,MI
0,150001,1,FL
0,40001,1,TX
0,70001,1,MI
0,70001,1,MI
0,55001,1,MI
0,265002,1,OH
1,165001,1,TX
0,500001,1,CA
1,190001,1,TN
0,10000,1,MA
0,10000,1,MA
0,85001,1,CO
0,125001,1,VA
0,355001,1,NJ
0,355001,1,NJ
0,70001,1,MI
1,130001,1,TX
0,110001,1,CA
0,525001,1,CA
0,525001,1,CA
1,145001,1,TX
0,290001,1,WI
1,150001,1,MO
0,150001,1,MD
0,55001,1,ME
0,225001,1,OH
0,385001,1,DC
0,30001,1,NC
0,30001,1,NC
0,285001,0,TX
0,200002,1,TX
0,155001,1,GA
0,155001,1,GA
0,30001,1,IL
0,30001,1,IL
0,310000,1,FL
0,310000,1,FL
0,65001,1,IN
0,920001,1,NY
0,70001,1,MI
1,30001,1,WA
1,30001,1,WA
0,140001,1,MA
0,320001,1,GA
0,80001,1,MI
0,375001,1,DC
0,325001,1,CA
0,150001,1,VA
0,150001,1,VA
0,225001,1,CA
0,225001,1,CA
0,225001,1,CA
0,225001,1,CA
0,60001,1,NY
0,60001,1,NY
0,70001,1,OH
0,40001,1,IN
1,155001,1,SC
0,700001,1,CA
0,225001,1,AZ
0,225001,1,AZ
0,200001,1,WI
0,70001,1,MO
0,70001,1,MO
0,60001,1,KY
0,325001,1,NV
0,275001,1,CA
1,290001,1,FL
1,290001,1,FL
0,545002,1,MO
0,10001,1,IN
0,10001,1,IN
0,270001,1,CA
0,270001,1,CA
0,270001,1,CA
0,50001,1,TX
0,40001,1,IN
0,100001,1,IN
0,100001,1,IN
0,120001,1,FL
0,120001,1,FL
0,130001,1,IN
1,70001,1,PA
1,160001,1,TX
0,150001,1,TX
0,150001,1,TX
0,230001,1,MA
0,105002,0,GA
0,105002,1,GA
0,105002,1,GA
0,105002,1,GA
1,225001,1,VA
1,225001,1,VA
0,200001,1,KY
0,190001,1,NH
0,95001,1,CA
0,95001,1,CA
1,65001,1,AK
0,140001,1,FL
0,190001,1,NJ
0,190001,1,NJ
0,220001,1,MD
0,150001,1,TN
1,30001,1,LA
0,115001,1,VA
0,190001,1,TX
0,140001,1,CA
0,80001,1,TX
1,150001,1,CT
0,200001,1,NJ
0,200001,1,NJ
1,40001,1,CT
0,85001,1,OH
0,435001,1,CA
1,65001,1,NJ
1,275001,1,MA
0,60001,1,SC
0,155001,1,CA
0,510002,1,WA
0,215001,1,CO
0,215001,1,CO
0,450001,1,CA
0,180001,1,OH
0,180001,1,OH
1,100001,1,GA
0,90001,1,TX
0,90001,1,TX
0,250001,1,SC
0,180001,1,NJ
0,430001,1,CA
1,160001,1,TX
0,230000,1,MI
0,230000,1,MI
0,195001,1,VT
0,145001,1,FL
0,145001,1,FL
0,145001,1,FL
0,145001,1,FL
0,145001,1,FL
0,145001,1,FL
1,325002,1,MI
1,245002,1,NC
0,275001,1,LA
0,170001,1,CA
0,165001,1,AR
1,160001,1,LA
0,170001,1,CT
0,50001,1,MI
0,250001,1,TX
1,100001,1,AZ
0,285001,1,NH
0,70001,1,IL
0,260001,1,MA
0,80001,1,TX
0,250001,1,TX
0,180002,0,CT
0,385001,1,CA
0,170001,1,IL
0,135001,1,NJ
0,190001,1,IL
0,395002,1,FL
0,90001,1,WA
0,105001,1,GA
0,325001,1,MA
1,475001,1,HI
0,305001,1,MA
1,580002,1,CA
1,110001,1,MI
0,270000,1,CO
0,235001,1,MT
0,155001,1,CA
0,100001,1,OK
0,100001,1,OK
1,170001,1,AZ
0,350001,1,IN
0,115001,1,CA
0,180001,1,CA
1,115001,1,FL
0,510002,1,WA
0,175001,1,MA
0,115001,1,IL
0,205001,1,UT
0,205001,1,UT
0,150001,1,FL
0,115001,1,NC
0,125001,1,IL
0,125001,1,MI
0,115001,1,CA
0,115001,1,CA
0,115001,1,CA
0,115001,1,CA
1,70002,1,OH
1,145001,1,MD
0,60001,1,NY
0,80001,1,NC
0,130001,1,OR
0,130001,1,OR
0,130001,1,OR
0,130001,1,OR
0,125001,1,OR
0,125001,1,OR
0,125001,1,OR
1,85001,1,NJ
0,100001,1,IL
0,130001,1,TX
0,245001,1,AL
0,125001,1,NY
0,70001,1,OK
0,90002,1,OH
0,40001,1,TX
0,80001,1,IN
0,225001,1,CA
0,225001,1,CA
0,150001,1,AZ
0,115001,1,OH
0,115001,1,OH
0,250001,1,FL
0,10000,1,TX
1,220002,1,FL
0,90001,1,NV
1,375001,1,FL
0,140002,1,MI
0,250001,1,TX
0,120001,1,CA
0,110001,1,CA
0,440002,1,CA
1,20001,1,KS
0,120001,1,MD
0,150001,1,NJ
0,175001,1,AR
0,160001,1,WV
1,150001,1,CT
0,55001,1,MN
0,130001,1,OH
1,195001,1,TN
1,150001,1,DE
0,115002,1,OH
0,270001,1,MN
0,270001,1,MN
0,270001,1,MN
0,270001,1,MN
0,270001,1,MN
0,270001,1,MN
0,160001,1,CA
0,45001,1,TX
0,60001,1,FL
0,60001,1,FL
0,60001,1,FL
0,60001,1,FL
0,60001,1,FL
0,135001,1,GA
0,135001,1,GA
0,100001,1,MO
0,190001,1,MA
0,300001,1,GA
0,175001,1,FL
0,85001,1,MT
1,65001,1,FL
1,65001,1,FL
1,190001,1,TX
0,275001,1,CA
1,275001,1,FL
0,65001,1,TX
1,110001,1,NC
1,100001,1,NC
1,100001,1,NC
0,75001,1,LA
0,160000,1,NC
0,175001,1,WV
0,140001,1,WV
0,140001,1,WV
1,950001,1,CA
0,105001,1,TX
1,100001,1,ME
0,140001,1,GA
1,425001,1,OR
1,255001,1,NC
1,255001,1,NC
1,255001,1,NC
1,255001,1,NC
0,30001,1,CA
0,180002,1,LA
0,500001,1,NY
0,255001,1,FL
0,560001,1,VA
0,215002,1,CA
0,475001,1,CA
0,475001,1,CA
0,155001,1,FL
0,150001,1,NC
0,150001,1,NC
1,50000,1,IN
0,125001,1,OH
0,285002,1,CO
0,80001,1,AK
0,40001,1,FL
0,75001,1,AL
0,30001,1,TX
0,200001,1,PA
0,165001,1,IN
1,300001,1,CA
0,325001,1,UT
0,395002,1,CA
0,395002,1,CA
0,395002,1,CA
0,395002,1,CA
0,395002,1,CA
0,395002,1,CA
0,395002,1,CA
0,395002,1,CA
0,395002,1,CA
0,395002,1,CA
0,395002,1,CA
0,395002,1,CA
0,395002,1,CA
0,395002,1,CA
0,395002,1,CA
0,395002,1,CA
0,150001,1,TX
0,170001,1,IL
0,150001,1,NC
0,115001,1,TX
0,85001,1,NC
0,105001,1,KY
1,165001,1,CA
1,205001,1,TX
0,180001,1,CA
0,560001,1,CA
0,145001,1,MI
1,50001,1,CT
1,1000001,1,NC
0,285001,1,CA
1,185001,1,FL
0,725001,1,WA
0,725001,1,WA
0,150001,1,FL
1,120001,1,AZ
1,120001,1,AZ
0,240001,1,PA
1,650001,1,FL
0,150001,1,CA
1,95001,1,TX
0,145001,1,NC
0,90001,1,TX
0,250001,1,MD
1,150001,1,OK
0,150002,1,MN
0,80001,1,MI
0,220002,1,GA
0,20001,1,KY
0,170001,1,TN
0,70001,1,TX
0,250001,1,CA
0,305001,1,NJ
0,85001,1,TN
0,125002,1,OH
0,115001,1,IL
0,60001,1,GA
0,130001,1,AR
0,170001,1,FL
1,110001,1,PA
1,110002,1,SD
0,150001,1,TX
1,410001,1,IN
0,115001,1,TN
0,150001,1,SC
0,150001,1,SC
0,150001,1,SC
0,150001,1,SC
0,210002,1,LA
0,210002,1,LA
0,200001,1,CA
0,225001,1,NJ
0,250001,1,CA
1,225001,1,MD
1,190001,1,CT
1,190001,1,CT
1,495002,1,MA
0,170001,1,FL
0,150001,1,MS
0,25001,1,MI
1,210001,1,OR
0,170001,1,VA
0,200001,1,FL
0,155001,1,CT
0,95001,1,VA
1,160001,1,NC
0,365001,1,GA
0,420002,1,MA
0,325001,1,CA
0,500001,1,VA
0,375002,1,NJ
0,150001,1,FL
0,150001,1,FL
0,400001,1,NY
0,130001,1,TX
1,95001,1,IL
1,145001,1,VA
1,140001,1,CO
0,450001,1,CA
0,80001,1,UT
0,170001,1,MA
0,280001,1,VA
0,250001,1,NJ
0,460001,1,NY
0,255001,1,CA
0,165002,1,MS
0,275001,1,NJ
0,155001,1,IN
1,160001,1,FL
0,100002,1,WI
1,160001,1,CT
1,160001,1,CT
0,170001,1,AR
0,55001,1,GA
0,120002,1,MI
0,120002,1,MI
0,120002,1,MI
0,210001,1,RI
0,80001,1,LA
0,170001,1,CA
1,160001,1,FL
0,300001,1,NC
1,580002,1,VA
0,325001,1,MD
0,125001,1,TX
0,330001,1,TX
0,50001,1,TN
1,135001,1,OH
0,100001,1,MS
0,155001,1,MA
0,155001,1,MA
0,155001,1,MA
0,70001,1,NJ
0,240001,1,IL
1,170001,1,PA
0,115001,1,UT
1,130001,1,AL
1,130001,1,AL
0,60001,1,TX
0,140001,1,NJ
0,105001,1,TN
0,355002,1,CA
0,170001,1,NJ
0,195001,1,TX
0,60001,1,CA
0,95001,1,TX
1,325001,1,IA
1,325001,1,IA
1,325001,1,IA
1,325001,1,IA
0,230001,1,GA
0,230001,1,GA
0,200002,1,MI
0,190001,1,GA
0,65001,1,OH
0,130001,1,PA
0,130001,1,OR
0,190001,1,CA
1,170001,1,WA
0,230001,1,CA
0,175001,1,VA
0,200001,1,TX
1,255001,1,TX
0,510001,1,CA
1,205001,1,TX
0,130001,1,TX
0,130001,1,OR
1,150001,1,OR
0,105001,1,CT
0,180002,1,IL
0,160002,1,CO
0,235001,1,NY
0,425001,1,GA
0,150001,1,MS
1,190001,1,FL
0,40000,1,IN
0,60001,1,CA
1,170001,1,MS
0,135001,1,IN
0,580001,1,CA
0,325001,1,MO
0,180001,1,TX
0,110001,1,TX
0,310001,1,CA
0,85001,1,GA
0,210001,1,IL
0,70001,1,NM
0,500001,1,WA
0,170001,1,TX
0,60001,1,OH
1,120001,1,OH
1,120001,1,OH
0,80000,1,AZ
0,80001,1,IA
0,835001,1,IL
0,30001,1,NH
0,265002,1,DE
0,50001,1,TX
0,160001,1,WA
1,100001,1,TX
0,265001,1,WA
0,195002,1,WA
0,155001,1,NV
0,155001,1,NV
0,155001,1,NV
0,155001,1,NV
1,130001,1,TN
0,275001,1,CA
0,165001,1,IL
0,140001,1,DE
0,145001,1,MA
0,225001,1,TN
0,60001,1,TX
1,300002,1,NC
0,550001,1,CA
0,165002,1,AR
0,115001,1,FL
0,170001,1,OH
0,105001,1,TX
0,125001,1,MA
0,215001,1,NE
0,65001,1,CA
0,65001,1,CA
0,325001,1,NJ
0,150001,1,CA
0,150001,1,CA
0,150001,1,CA
0,150001,1,CA
0,50001,1,TN
0,65000,1,OH
1,40001,1,WA
0,170001,1,AZ
0,235001,1,CA
0,235001,1,CA
0,125001,1,MD
0,190001,1,TX
1,150001,1,AZ
0,195001,1,MD
0,355001,1,CT
0,200001,1,OH
0,105001,1,AZ
0,105001,1,AZ
0,105001,1,AZ
0,150001,1,NC
0,165001,1,NC
0,165001,1,NC
0,165001,1,NC
0,150001,1,NC
0,150001,1,NC
0,150001,1,NC
0,150001,1,NC
0,265001,1,NC
1,15001,1,NC
0,145001,1,CA
0,145001,1,CA
1,40001,1,SC
0,160001,1,MO
0,175001,1,IL
0,190001,1,NC
0,240002,1,FL
0,130001,1,UT
1,70001,1,ME
1,500001,1,CA
0,30001,1,AL
1,350001,1,FL
1,150001,1,WA
1,150001,1,WA
0,150001,1,MI
0,40001,1,TX
0,305001,1,CA
1,275001,1,WA
1,275001,1,WA
0,160001,1,AR
0,225002,1,MN
1,360001,1,PA
0,30001,1,KY
0,605001,1,CA
0,605001,1,CA
0,605001,1,CA
0,200001,1,CA
0,150001,1,MN
0,150001,1,MN
0,500001,1,AR
0,200001,1,PR
0,200001,1,PR
0,165001,1,FL
1,360001,1,CA
0,400001,1,VA
1,115001,1,OH
1,430001,1,RI
0,230002,1,PA
0,170001,1,NY
0,265001,1,AZ
0,390001,1,CA
0,215001,1,TN
1,330001,1,VA
1,55000,1,NM
0,155001,1,MN
0,120001,1,FL
0,325001,1,WA
0,380001,1,CA
0,130001,1,GA
0,225001,1,NC
0,180001,1,NH
1,120001,1,GA
0,550001,1,VA
0,550001,1,VA
1,125001,1,FL
0,385002,1,NY
0,60000,1,NH
0,90001,1,NC
0,130001,1,FL
0,100001,1,TX
0,225002,1,MT
0,225002,1,MT
0,105001,1,CA
1,190001,1,TX
1,190001,1,TX
0,160001,1,IL
1,150001,1,VT
1,150001,1,VT
0,110001,1,CA
1,95002,1,OH
0,100001,1,NY
0,175001,1,NC
0,175001,1,NC
0,80001,1,TX
0,130001,1,MD
0,750001,1,MD
1,200001,1,MO
0,200001,1,PA
0,200001,1,PA
1,160001,1,CA
0,200002,1,NC
0,200002,1,NC
0,200002,1,NC
0,200002,1,NC
0,200002,1,NC
0,370001,1,IL
0,275001,1,NC
0,340001,1,UT
1,120001,1,TX
1,120001,1,TX
1,245001,1,WA
1,130001,1,PA
1,130001,1,PA
1,140001,1,MD
0,170001,1,CA
1,300001,1,PA
0,170001,1,MA
1,40001,1,OH
0,275001,1,VA
1,100001,1,NY
0,70001,1,TX
1,145001,1,NY
0,170001,1,NJ
0,215001,1,NV
0,480002,1,CA
0,355001,1,FL
0,95001,1,IL
0,275001,1,VA
0,150001,1,FL
0,150001,1,FL
0,75001,1,TN
0,200001,1,LA
1,140002,1,NC
0,90001,1,LA
0,65001,1,IN
0,150001,1,OH
0,150001,1,OH
0,150001,1,OH
0,150001,1,OH
0,150001,1,OH
1,200001,1,FL
0,490002,1,UT
0,490002,1,UT
1,120001,1,PA
0,300001,1,NJ
1,250001,1,RI
0,90001,1,NC
0,145001,1,SC
0,110001,1,MI
0,265002,1,AR
0,265002,1,AR
0,310001,1,CA
1,100001,1,FL
0,280001,1,NY
0,230002,1,NJ
1,550001,1,NJ
0,125001,1,NY
1,80001,1,NC
0,400001,1,CA
0,115002,1,NJ
0,265001,1,TX
0,265001,1,TX
0,140001,1,TX
0,140001,1,TX
0,55000,1,FL
0,170001,1,UT
0,135001,1,TX
1,225001,1,MO
0,160001,1,CA
0,160001,1,CA
0,50001,1,FL
0,90001,1,PA
1,500001,1,TN
1,500001,1,TN
1,500001,1,TN
1,500001,1,TN
0,160001,1,NY
0,350001,1,FL
0,70001,1,IL
0,175001,1,CA
0,115001,1,WY
1,65001,1,MO
0,190001,1,MN
0,255001,1,CA
0,200001,1,MI
0,110001,1,FL
1,70001,1,TX
0,130001,1,MS
0,210001,1,OR
0,140001,1,AZ
0,140001,1,AZ
0,170002,1,CO
0,85001,1,NY
1,200001,1,NJ
1,200001,1,NJ
0,70001,1,KS
0,200001,1,LA
1,150001,1,TX
0,135001,1,MI
0,190001,1,FL
0,210001,1,OR
1,330002,1,NY
0,270001,1,VA
1,125001,1,ID
0,225001,1,OK
0,250001,1,MI
1,190001,1,VA
0,80001,1,OH
0,565002,1,CA
0,250000,1,FL
0,210002,1,OH
0,200001,1,MA
0,200001,1,MA
0,100001,1,IL
0,170001,1,CO
1,160001,1,MD
0,80001,1,NJ
0,150001,1,CA
0,145001,1,NM
1,190001,1,TX
1,85000,1,TX
1,180002,1,NH
0,250001,1,NY
1,170001,1,CO
1,170001,1,CO
1,170001,1,CO
0,95001,1,NY
0,300001,1,PA
1,290001,1,CA
1,115001,1,FL
0,350001,1,CA
0,150001,1,FL
0,320001,1,FL
1,170001,1,WA
0,65001,1,PA
1,375001,1,VA
0,245001,1,TX
0,245001,1,TX
0,245001,1,TX
0,90001,1,TX
0,145001,1,WV
0,375001,1,WV
0,90001,1,OH
0,200001,1,TX
1,340002,1,CA
0,225001,1,NC
0,225001,1,NC
0,120001,1,SC
0,95001,1,MO
0,190001,1,CO
0,110001,1,NH
0,60001,1,AL
0,160002,1,NC
0,230001,1,CA
0,225001,1,NV
0,265002,1,NJ
0,430001,1,CA
0,70001,1,WA
1,105001,1,TX
0,515002,1,WA
0,185001,1,FL
0,315002,1,OH
0,225001,1,FL
0,140001,1,IN
0,225001,1,NM
0,90001,1,NJ
0,145001,1,FL
0,100001,1,PA
0,100001,1,PA
0,100001,1,OH
0,145001,1,GA
0,300001,1,WA
0,85001,1,AL
0,225001,1,CT
0,375001,1,PA
0,400002,1,CA
0,200001,1,DE
0,105002,1,OH
0,170001,1,TX
0,240002,1,VA
0,200001,1,CA
0,155001,1,NC
0,170001,1,FL
1,105001,1,TX
0,120001,1,FL
0,120001,1,FL
1,160001,1,MN
1,160001,1,MN
0,355001,1,CA
0,250002,1,MD
1,110001,1,AZ
1,110001,1,AZ
0,150001,1,MI
0,170001,1,FL
0,90001,1,NJ
0,190001,1,OH
0,245001,1,PA
1,300001,1,HI
0,270002,1,CA
0,115001,1,AR
0,70001,1,NC
1,200001,1,AZ
0,120001,1,NC
0,250001,1,MD
0,140001,1,MA
0,400002,1,GA
0,350001,1,FL
0,50001,1,NC
0,50001,1,NC
0,250001,1,NC
0,190001,1,CT
0,190001,1,CT
0,150001,1,CA
0,105001,1,NJ
0,85001,1,NJ
1,55001,1,KS
0,250001,1,MN
0,200001,1,FL
1,250001,1,CA
1,250001,1,CA
1,250001,1,CA
0,325001,1,OR
0,325001,1,OR
0,65001,1,NY
0,200001,1,TX
0,200001,1,FL
0,70001,1,TX
0,105001,1,OH
0,105001,1,OH
0,80001,1,IL
0,235001,1,FL
0,90001,1,MO
0,285002,1,VA
0,60001,1,OH
0,125001,1,FL
0,120001,1,WA
1,450001,1,CA
0,500001,1,CA
0,115001,1,IN
0,115001,1,IN
0,115001,1,IN
0,165001,1,NC
0,165001,1,NC
0,95001,1,MS
0,320001,1,VA
0,360001,1,NULL
0,145001,1,NULL
0,150001,1,CA
0,150001,1,CA
0,290001,1,NJ
0,210001,1,OH
1,225001,1,TX
0,75001,1,DE
0,75001,1,DE
0,725001,1,NJ
0,110001,1,IL
0,110001,1,IL
0,205001,1,GA
1,480001,1,FL
0,190001,1,TX
0,160001,1,CO
0,90001,1,IN
0,170001,1,IN
0,215001,1,VA
0,215001,1,VA
0,95001,1,NULL
0,180001,1,MT
1,50001,1,NULL
0,215001,1,TX
0,220001,1,TN
0,125001,1,IL
0,125001,1,IL
0,230001,1,GA
0,275001,1,CA
0,110001,1,NULL
1,125001,1,FL
0,200001,1,CA
0,170001,1,NULL
0,570002,1,NULL
0,150001,1,WA
0,50001,1,NULL
0,95001,1,CA
0,200001,1,NY
1,210001,1,RI
0,210002,1,FL
1,50002,1,CA
0,170001,1,MA
1,150001,1,TX
1,150001,1,TX
0,185001,1,CO
0,105001,1,CT
0,100001,1,MD
0,100001,1,MD
0,150001,1,OR
0,225001,1,NC
0,205001,1,NV
1,65001,1,MI
0,60001,1,IL
0,60001,1,IL
0,150001,1,OR
0,410000,1,NULL
0,150001,1,NULL
0,150001,1,OR
0,1220001,1,NULL
0,80001,1,NULL
0,120001,1,NULL
0,125001,1,FL
0,490001,1,NULL
0,375001,1,NJ
0,150001,1,VA
0,150001,1,VA
1,150001,1,NULL
0,350001,1,NULL
0,275001,1,NULL
0,600001,1,CA
0,140001,1,OK
0,160001,1,OH
0,160001,1,OH
1,75001,1,NULL
0,250001,1,NY
1,80001,1,NULL
0,150001,1,CA
0,150001,1,CA
0,100001,1,NC
0,80001,1,NULL
0,105001,1,NULL
1,225001,1,NULL
0,280001,1,CA
0,150001,1,NULL
0,150001,1,NULL
0,60000,1,NULL
1,210001,1,NULL
1,210001,1,NULL
1,75001,1,FL
1,65001,1,NULL
1,65001,1,NULL
0,160001,1,MT
0,950001,1,CA
0,205002,1,RI
0,210002,1,NULL
1,170001,1,NULL
1,170001,1,NULL
0,180001,1,CA
0,350001,1,CA
0,60001,1,OH
0,295002,1,NY
0,100000,1,NULL
0,80001,1,AL
0,370002,1,NULL
0,205002,1,WA
0,105002,1,NY
0,130001,1,TX
0,325001,1,MD
0,295001,1,CA
1,160001,1,NULL
0,275001,1,NULL
0,50001,1,NULL
1,155001,1,NULL
0,210001,1,NULL
0,300001,1,NY
0,125001,1,NC
0,105001,1,NULL
0,400001,1,NJ
1,160001,1,AZ
0,190001,1,NULL
0,135001,1,KY
0,140001,1,IN
0,145001,1,PA
0,250001,1,NULL
0,100001,1,TN
0,325001,1,NULL
0,325001,1,NULL
0,140001,1,MO
0,205001,1,NULL
0,160001,1,NULL
0,375001,1,CA
0,200001,1,FL
0,275001,1,NC
1,160001,1,FL
1,145001,1,FL
0,275001,1,MA
0,195001,1,IL
0,105001,1,NULL
0,450001,1,VA
0,115001,1,FL
0,60001,1,CA
0,60001,1,CA
0,135001,1,FL
0,150001,1,IN
0,155001,1,NULL
1,290001,1,CO
0,60001,1,CO
1,200001,1,CT
0,250001,1,NULL
0,300000,1,CO
0,80000,1,WA
0,275000,1,PA
0,250000,1,NJ
0,250000,1,NJ
1,450000,1,DC
0,340000,1,CA
0,850000,1,OR
0,95000,1,NY
0,250000,1,TX
0,60000,1,CA
0,288000,1,OR
0,288000,1,OR
0,170000,1,AZ
0,110000,1,AZ
0,500000,1,CA
0,70000,1,CA
0,90000,1,MN
0,180000,1,UT
0,225000,1,LA
0,60000,1,LA
0,220000,1,WA
0,73000,1,OR
0,60000,1,CA
1,380000,1,FL
1,280000,1,CA
0,275001,1,CA
0,220000,1,AZ
0,71000,1,CA
0,140000,1,NV
0,275000,1,VA
0,180000,1,AZ
0,100000,1,CA
0,100000,1,CA
0,100000,1,CA
0,190000,1,UT
0,520000,1,GA
1,104000,1,PA
0,60000,1,LA
0,350000,1,CA
0,350000,1,CA
0,350000,1,CA
0,140000,1,TX
0,220000,1,CA
0,320000,1,OR
0,325000,1,WA
0,325000,1,WA
0,180000,1,OH
0,140000,1,TX
0,275000,1,FL
0,95000,1,MI
0,195000,1,GA
0,105000,1,NJ
0,10000,1,NC
0,60000,1,IL
0,140000,1,CO
0,298000,1,TX
0,55000,1,PA
0,55000,1,PA
0,65000,1,NC
0,195000,1,NV
0,280000,1,NC
0,215000,1,NC
0,140000,1,GA
0,160000,1,NJ
0,168000,1,FL
0,145000,1,FL
0,125000,1,AL
0,140000,1,NJ
0,59000,1,VA
0,59000,1,VA
0,1050000,1,CA
0,59000,1,VA
0,220000,1,CA
0,150000,1,IL
1,80000,1,NC
0,225000,1,CA
0,75000,1,CA
0,125000,1,KY
0,325000,1,FL
0,275001,1,CA
0,225000,1,CA
1,475000,1,IL
1,475000,1,IL
1,95000,1,MN
0,570000,1,CA
0,250000,1,PA
0,140000,1,TN
0,150000,1,CA
0,225001,1,CA
1,190001,1,CA
0,115001,1,TX
0,100002,1,OH
0,110001,1,NY
1,170001,1,CA
0,100002,1,VT
0,100001,1,AL
0,120001,1,OH
0,250001,1,OR
0,150001,1,PA
0,335001,1,NC
1,350001,1,WA
0,275001,1,CA
0,200001,1,CA
0,0,1,GA
0,0,1,TX
1,150001,1,CA
1,0,1,TN
0,0,1,CO
0,0,1,CO
0,0,1,UT
1,180001,1,UT
0,150001,1,FL
0,190001,1,CA
0,190001,1,CA
0,190001,1,CA
0,135001,1,ID
0,130001,1,ID
0,130001,1,MT
0,50001,1,FL
0,300001,1,CO
0,50001,1,FL
0,0,1,NC
0,225001,1,OH
0,110001,1,AZ
0,325001,1,CA
0,85001,1,NC
0,90001,1,NJ
0,190000,1,FL
0,160001,1,NC
0,160001,1,NC
0,140001,1,VA
0,165001,1,NC
0,90001,1,NC
0,225002,1,NJ
0,325001,1,UT
0,415001,1,NJ
0,450001,1,CA
0,80001,1,IN
0,160001,1,OH
0,55000,1,FL
0,165001,1,PA
0,20001,1,OH
0,185001,1,VA
0,0,1,NC
0,0,1,FL
0,0,1,FL
0,0,1,SC
0,650001,1,NY
0,140001,1,MA
0,0,1,GA
0,405001,1,KS
0,140001,1,CA
0,0,1,KY
0,350001,1,CA
0,350001,1,CA
0,160001,1,CA
0,160001,1,CA
0,170001,1,CA
0,170001,1,CA
0,170001,1,CA
0,170001,1,CA
0,170001,1,CA
0,170001,1,CA
0,340001,1,UT
0,85001,1,GA
0,85001,1,GA
0,600001,1,FL
0,70001,1,AL
0,225001,1,WY
0,0,1,TN
0,115001,1,MO
0,160001,1,TX
0,120001,1,NM
0,82001,1,NULL
1,75001,1,NULL
0,225001,1,NULL
0,140001,1,AR
0,130001,1,KY
0,325001,1,MD
0,115001,1,TX
0,250002,1,IN
0,320002,1,ND
0,150001,1,ME
0,300001,1,TX
0,300001,1,TX
1,130001,1,GA
0,90000,1,IL
0,155001,1,FL
0,255001,1,CA
0,302001,1,TX
0,110001,1,IL
0,300001,1,FL
0,300001,1,FL
0,115001,1,PA
0,775001,1,MD
0,270000,1,GA
0,275001,1,CA
0,275001,1,CA
0,190001,1,NULL
0,190001,1,NULL
0,350001,1,PA
0,320001,1,GA
0,905001,1,NY
0,80001,1,PA
0,125001,1,FL
0,525002,1,NY
0,130001,1,FL
0,130001,1,FL
0,130001,1,FL
0,65001,1,VA
0,380001,1,NJ
0,190001,1,TX
0,115001,1,CT
0,155001,1,NC
0,160001,1,FL
